-- Phase 13 演示数据增强（幂等，使用固定ID）
USE fixed_asset_lifecycle_system;
SET NAMES utf8mb4;
SET FOREIGN_KEY_CHECKS = 0;

-- 清理旧DEMO数据（同时按ID和编号前缀清理）
DELETE FROM inventory_record WHERE task_id IN (SELECT id FROM inventory_task WHERE task_code LIKE 'DEMO-%') OR task_id >= 1000;
DELETE FROM inventory_task WHERE task_code LIKE 'DEMO-%' OR id >= 1000;
DELETE FROM approval_record WHERE instance_id IN (SELECT id FROM approval_instance WHERE business_id IN (SELECT id FROM asset_receive_order WHERE order_code LIKE 'DEMO-%')) OR instance_id >= 1000;
DELETE FROM approval_instance WHERE business_id IN (SELECT id FROM asset_receive_order WHERE order_code LIKE 'DEMO-%') OR id >= 1000;
DELETE FROM asset_scrap_order WHERE order_code LIKE 'DEMO-%' OR id >= 1000;
DELETE FROM asset_repair_order WHERE order_code LIKE 'DEMO-%' OR id >= 1000;
DELETE FROM asset_transfer_order WHERE order_code LIKE 'DEMO-%' OR id >= 1000;
DELETE FROM asset_receive_order WHERE order_code LIKE 'DEMO-%' OR id >= 1000;
DELETE FROM asset_inbound_order WHERE order_code LIKE 'DEMO-%' OR id >= 1000;
DELETE FROM asset_operation_log WHERE asset_id IN (SELECT id FROM asset WHERE asset_code LIKE 'DEMO-%') OR id >= 1000;
DELETE FROM depreciation_record WHERE asset_id IN (SELECT id FROM asset WHERE asset_code LIKE 'DEMO-%') OR id >= 1000;
DELETE FROM finance_sync_record WHERE sync_batch_no LIKE 'DEMO-%' OR id >= 1000;
DELETE FROM asset WHERE asset_code LIKE 'DEMO-%' OR id >= 1000;

-- 补充分类
INSERT IGNORE INTO asset_category (id, category_code, category_name, parent_id, depreciation_years, remark) VALUES
(6, 'NETWORK', '网络设备', 0, 5, '网络设备'),
(7, 'SERVER', '服务器设备', 0, 5, '服务器设备'),
(8, 'SECURITY', '安防设备', 0, 8, '安防设备'),
(9, 'TEACHING', '教学设备', 0, 8, '教学设备'),
(10, 'LAB', '实验仪器', 0, 10, '实验仪器');

-- 插入资产(120条)
INSERT INTO asset (id, asset_code, asset_name, category_id, specification, brand, purchase_date, original_value, useful_life, residual_rate, depreciation_method, accumulated_depreciation, net_value, department, keeper, location, status, remark, created_at, updated_at, deleted) VALUES
(1000, 'DEMO-EL-0001', 'HP 打印机', 2, 'LaserJet 400', 'HP', '2019-05-31', 2764.29, 5, 0.05, 'straight_line', 2626.08, 138.21, '资产管理部', '周芳', '后勤楼1层', 'IN_USE', 'Phase13演示', NOW(), NOW(), 0),
(1001, 'DEMO-OF-0002', '佳能复印机', 1, 'imageRUNNER 2625', 'Canon', '2019-04-27', 25297.03, 5, 0.05, 'straight_line', 24032.18, 1264.85, '实验实训中心', '彭超', '教学楼5层', 'TRANSFERRING', 'Phase13演示', NOW(), NOW(), 0),
(1002, 'DEMO-OF-0003', '投影仪', 1, 'CB-X06', 'Epson', '2019-08-12', 5087.34, 5, 0.05, 'straight_line', 4832.97, 254.37, '资产管理部', '许慧', '图书馆1层', 'WAITING_SCRAP', 'Phase13演示', NOW(), NOW(), 0),
(1003, 'DEMO-VE-0004', '公务车', 3, '帕萨特 380TSI', '大众', '2017-10-08', 198677.76, 8, 0.05, 'straight_line', 188743.87, 9933.89, '资产管理部', '吴昊', '一号车间', 'INVENTORY_ABNORMAL', 'Phase13演示', NOW(), NOW(), 0),
(1004, 'DEMO-OF-0005', '佳能复印机', 1, 'imageRUNNER 2625', 'Canon', '2018-03-14', 20898.41, 5, 0.05, 'straight_line', 19853.49, 1044.92, '图书馆', '陈静', '2号停车位', 'REPAIRING', 'Phase13演示', NOW(), NOW(), 0),
(1005, 'DEMO-PR-0006', '数控加工中心', 4, 'VMC850', '沈阳机床', '2018-01-01', 290641.08, 10, 0.05, 'straight_line', 234692.67, 55948.41, '图书馆', '朱琳', 'B座2层财务室', 'IN_USE', 'Phase13演示', NOW(), NOW(), 0),
(1006, 'DEMO-EL-0007', 'HP 打印机', 2, 'LaserJet 400', 'HP', '2016-08-26', 2560.87, 5, 0.05, 'straight_line', 2432.83, 128.04, '图书馆', '张伟', '教学楼5层', 'WAITING_SCRAP', 'Phase13演示', NOW(), NOW(), 0),
(1007, 'DEMO-NE-0008', '群晖 NAS', 6, 'RS1221+', 'Synology', '2017-08-22', 14931.63, 5, 0.05, 'straight_line', 14185.05, 746.58, '综合办公室', '刘佳', 'A座2层文印室', 'REPAIRING', 'Phase13演示', NOW(), NOW(), 0),
(1008, 'DEMO-NE-0009', 'H3C 核心交换机', 6, 'S6520X-30HC', 'H3C', '2019-03-13', 42560.19, 5, 0.05, 'straight_line', 40432.18, 2128.01, '后勤保障部', '王涛', '仓库B区', 'WAITING_SCRAP', 'Phase13演示', NOW(), NOW(), 0),
(1009, 'DEMO-LA-0010', '示波器', 10, 'MSO64B', 'Tektronix', '2017-01-04', 83291.72, 10, 0.05, 'straight_line', 79127.13, 4164.59, '图书馆', NULL, 'A座6层培训室', 'SCRAPPED', 'Phase13演示', NOW(), NOW(), 0),
(1010, 'DEMO-SE-0011', 'Dell 服务器', 7, 'PowerEdge R750', 'Dell', '2021-10-02', 70830.21, 5, 0.05, 'straight_line', 63924.26, 6905.95, '审计部', '韩梅', '仓库B区', 'IN_USE', 'Phase13演示', NOW(), NOW(), 0),
(1011, 'DEMO-PR-0012', '叉车', 4, 'CPD15电动叉车', '杭叉', '2016-09-18', 129841.4, 10, 0.05, 'straight_line', 121293.51, 8547.89, '实验实训中心', '许慧', '后勤楼1层', 'IDLE', 'Phase13演示', NOW(), NOW(), 0),
(1012, 'DEMO-NE-0013', '防火墙', 6, 'USG6555E', 'Huawei', '2021-10-05', 38762.0, 5, 0.05, 'straight_line', 34982.71, 3779.29, '资产管理部', '刘佳', 'B座2层会议室', 'REPAIRING', 'Phase13演示', NOW(), NOW(), 0),
(1013, 'DEMO-EL-0014', 'MacBook Pro 笔记本', 2, '14英寸 M3 Pro', 'Apple', '2022-10-18', 15690.09, 4, 0.05, 'straight_line', 13973.99, 1716.1, '审计部', '杨光', 'B座2层会议室', 'IN_USE', 'Phase13演示', NOW(), NOW(), 0),
(1014, 'DEMO-EL-0015', '联想 ThinkCentre 台式机', 2, 'M750t', 'Lenovo', '2022-08-16', 4663.28, 4, 0.05, 'straight_line', 4337.82, 325.46, '审计部', '王涛', 'A座2层文印室', 'IN_USE', 'Phase13演示', NOW(), NOW(), 0),
(1015, 'DEMO-OF-0016', '会议桌', 1, '12人会议桌', '圣奥', '2018-09-09', 7313.0, 8, 0.05, 'straight_line', 6802.61, 510.39, '综合办公室', '许慧', '1号停车位', 'IDLE', 'Phase13演示', NOW(), NOW(), 0),
(1016, 'DEMO-NE-0017', '华为交换机', 6, 'S5700-28C-HI', 'Huawei', '2021-12-06', 11774.64, 5, 0.05, 'straight_line', 10253.75, 1520.89, '保卫处', '杨光', '1号停车位', 'TRANSFERRING', 'Phase13演示', NOW(), NOW(), 0),
(1017, 'DEMO-NE-0018', 'H3C 核心交换机', 6, 'S6520X-30HC', 'H3C', '2021-09-30', 40692.39, 5, 0.05, 'straight_line', 37369.18, 3323.21, '审计部', '赵敏', 'A座4层研发室', 'WAITING_SCRAP', 'Phase13演示', NOW(), NOW(), 0),
(1018, 'DEMO-OF-0019', '空调', 1, 'KFR-72LW', '格力', '2018-10-01', 8586.31, 8, 0.05, 'straight_line', 7902.09, 684.22, '后勤保障部', '沈月', 'A座2层文印室', 'IN_USE', 'Phase13演示', NOW(), NOW(), 0),
(1019, 'DEMO-OF-0020', '空调', 1, 'KFR-72LW', '格力', '2018-08-22', 9920.73, 8, 0.05, 'straight_line', 9326.52, 594.21, '信息中心', '彭超', '仓库A区', 'IDLE', 'Phase13演示', NOW(), NOW(), 0);
INSERT INTO asset (id, asset_code, asset_name, category_id, specification, brand, purchase_date, original_value, useful_life, residual_rate, depreciation_method, accumulated_depreciation, net_value, department, keeper, location, status, remark, created_at, updated_at, deleted) VALUES
(1020, 'DEMO-NE-0021', '群晖 NAS', 6, 'RS1221+', 'Synology', '2025-03-19', 16803.56, 5, 0.05, 'straight_line', 4256.9, 12546.66, '审计部', '孙磊', 'B座2层财务室', 'IN_USE', 'Phase13演示', NOW(), NOW(), 0),
(1021, 'DEMO-LA-0022', '示波器', 10, 'MSO64B', 'Tektronix', '2021-09-15', 67430.68, 10, 0.05, 'straight_line', 30961.92, 36468.76, '财务部', '钱坤', '二号车间', 'IDLE', 'Phase13演示', NOW(), NOW(), 0),
(1022, 'DEMO-NE-0023', 'H3C 核心交换机', 6, 'S6520X-30HC', 'H3C', '2025-08-05', 42489.72, 5, 0.05, 'straight_line', 7400.29, 35089.43, '后勤保障部', '韩梅', 'A座4层研发室', 'WAITING_SCRAP', 'Phase13演示', NOW(), NOW(), 0),
(1023, 'DEMO-EL-0024', 'Dell OptiPlex 台式机', 2, '7090 Tower', 'Dell', '2020-05-17', 6630.36, 4, 0.05, 'straight_line', 6298.84, 331.52, '信息中心', NULL, 'A座3层机房', 'SCRAPPED', 'Phase13演示', NOW(), NOW(), 0),
(1024, 'DEMO-PR-0025', '数控加工中心', 4, 'VMC850', '沈阳机床', '2023-10-15', 355356.55, 10, 0.05, 'straight_line', 92836.9, 262519.65, '财务部', '何琳', '1号停车位', 'IN_USE', 'Phase13演示', NOW(), NOW(), 0),
(1025, 'DEMO-SE-0026', '监控摄像头', 8, 'DS-2CD2T86FW', 'Hikvision', '2021-12-10', 1163.37, 8, 0.05, 'straight_line', 633.19, 530.18, '信息中心', '陈静', '数据中心2机柜', 'IN_USE', 'Phase13演示', NOW(), NOW(), 0),
(1026, 'DEMO-EL-0027', '联想 ThinkCentre 台式机', 2, 'M750t', 'Lenovo', '2023-06-19', 6766.21, 4, 0.05, 'straight_line', 4954.84, 1811.37, '后勤保障部', '吴昊', '一号车间', 'IDLE', 'Phase13演示', NOW(), NOW(), 0),
(1027, 'DEMO-PR-0028', '发电机', 4, '100kW柴油发电机组', '康明斯', '2017-08-27', 273170.82, 10, 0.05, 'straight_line', 231398.45, 41772.37, '图书馆', '许慧', '门卫室', 'IDLE', 'Phase13演示', NOW(), NOW(), 0),
(1028, 'DEMO-SE-0029', '监控摄像头', 8, 'DS-2CD2T86FW', 'Hikvision', '2023-02-10', 1063.15, 8, 0.05, 'straight_line', 431.35, 631.8, '审计部', '李娜', '实验楼3层', 'IN_USE', 'Phase13演示', NOW(), NOW(), 0),
(1029, 'DEMO-PR-0030', '叉车', 4, 'CPD15电动叉车', '杭叉', '2018-01-19', 120242.69, 10, 0.05, 'straight_line', 97095.97, 23146.72, '教务部', '李娜', 'A座2层文印室', 'TRANSFERRING', 'Phase13演示', NOW(), NOW(), 0),
(1030, 'DEMO-LA-0031', '频谱分析仪', 10, 'N9020B', 'Keysight', '2016-11-16', 113375.2, 10, 0.05, 'straight_line', 104116.23, 9258.97, '图书馆', '陈静', 'A座2层文印室', 'IN_USE', 'Phase13演示', NOW(), NOW(), 0),
(1031, 'DEMO-SE-0032', '门禁控制器', 8, 'DS-K2604', 'Dahua', '2024-05-09', 3240.33, 8, 0.05, 'straight_line', 833.71, 2406.62, '资产管理部', '朱琳', 'A座3层机房', 'IN_USE', 'Phase13演示', NOW(), NOW(), 0),
(1032, 'DEMO-OF-0033', '空调', 1, 'KFR-72LW', '格力', '2021-11-29', 11170.92, 8, 0.05, 'straight_line', 6190.55, 4980.37, '资产管理部', '杨光', 'B座2层会议室', 'IN_USE', 'Phase13演示', NOW(), NOW(), 0),
(1033, 'DEMO-LA-0034', '频谱分析仪', 10, 'N9020B', 'Keysight', '2019-06-30', 121616.34, 10, 0.05, 'straight_line', 81837.66, 39778.68, '资产管理部', '何琳', '保卫处监控室', 'IN_USE', 'Phase13演示', NOW(), NOW(), 0),
(1034, 'DEMO-LA-0035', '频谱分析仪', 10, 'N9020B', 'Keysight', '2022-11-22', 119565.88, 10, 0.05, 'straight_line', 41648.78, 77917.1, '综合办公室', '孙磊', '保卫处监控室', 'IDLE', 'Phase13演示', NOW(), NOW(), 0),
(1035, 'DEMO-PR-0036', '发电机', 4, '100kW柴油发电机组', '康明斯', '2023-06-18', 170269.42, 10, 0.05, 'straight_line', 49874.75, 120394.67, '实验实训中心', '周芳', '保卫处监控室', 'IN_USE', 'Phase13演示', NOW(), NOW(), 0),
(1036, 'DEMO-TE-0037', '实验台', 9, '物理实验台标准型', '科教', '2022-11-22', 10099.98, 8, 0.05, 'straight_line', 4397.7, 5702.28, '资产管理部', '张伟', '二号车间', 'IDLE', 'Phase13演示', NOW(), NOW(), 0),
(1037, 'DEMO-LA-0038', '3D 打印机', 10, 'Ultimaker S5', 'Ultimaker', '2025-04-26', 44969.09, 10, 0.05, 'straight_line', 5340.08, 39629.01, '资产管理部', '韩梅', 'B座2层财务室', 'IN_USE', 'Phase13演示', NOW(), NOW(), 0),
(1038, 'DEMO-SE-0039', '门禁控制器', 8, 'DS-K2604', 'Dahua', '2022-07-11', 3795.6, 8, 0.05, 'straight_line', 1802.91, 1992.69, '资产管理部', '刘佳', '数据中心1机柜', 'IDLE', 'Phase13演示', NOW(), NOW(), 0),
(1039, 'DEMO-SE-0040', '浪潮服务器', 7, 'NF5280M6', 'Inspur', '2017-02-01', 52259.16, 5, 0.05, 'straight_line', 49646.2, 2612.96, '图书馆', '胡军', 'B座4层人资室', 'IN_USE', 'Phase13演示', NOW(), NOW(), 0);
INSERT INTO asset (id, asset_code, asset_name, category_id, specification, brand, purchase_date, original_value, useful_life, residual_rate, depreciation_method, accumulated_depreciation, net_value, department, keeper, location, status, remark, created_at, updated_at, deleted) VALUES
(1040, 'DEMO-LA-0041', '3D 打印机', 10, 'Ultimaker S5', 'Ultimaker', '2017-05-22', 44677.07, 10, 0.05, 'straight_line', 38906.28, 5770.79, '图书馆', '张伟', '保卫处监控室', 'IDLE', 'Phase13演示', NOW(), NOW(), 0),
(1041, 'DEMO-OF-0042', '文件柜', 1, '钢制四节柜', '震旦', '2018-12-31', 1354.6, 8, 0.05, 'straight_line', 1219.85, 134.75, '资产管理部', '周芳', 'B座3层培训室', 'IDLE', 'Phase13演示', NOW(), NOW(), 0),
(1042, 'DEMO-EL-0043', 'ThinkPad 笔记本', 2, 'T14 Gen4', 'Lenovo', '2018-02-11', 11558.85, 4, 0.05, 'straight_line', 10980.91, 577.94, '图书馆', '周芳', 'B座3层培训室', 'IDLE', 'Phase13演示', NOW(), NOW(), 0),
(1043, 'DEMO-SE-0044', '浪潮服务器', 7, 'NF5280M6', 'Inspur', '2018-05-23', 64330.41, 5, 0.05, 'straight_line', 61113.89, 3216.52, '教务部', '孙磊', '保卫处监控室', 'IN_USE', 'Phase13演示', NOW(), NOW(), 0),
(1044, 'DEMO-TE-0045', '实验台', 9, '物理实验台标准型', '科教', '2020-10-08', 13970.39, 8, 0.05, 'straight_line', 9539.16, 4431.23, '后勤保障部', '钱坤', 'A座2层文印室', 'IDLE', 'Phase13演示', NOW(), NOW(), 0),
(1045, 'DEMO-EL-0046', 'MacBook Pro 笔记本', 2, '14英寸 M3 Pro', 'Apple', '2017-02-19', 17170.79, 4, 0.05, 'straight_line', 16312.25, 858.54, '综合办公室', '李娜', 'A座1层大厅', 'IDLE', 'Phase13演示', NOW(), NOW(), 0),
(1046, 'DEMO-NE-0047', '群晖 NAS', 6, 'RS1221+', 'Synology', '2019-04-18', 16626.72, 5, 0.05, 'straight_line', 15795.38, 831.34, '综合办公室', '陈静', '仓库A区', 'IN_USE', 'Phase13演示', NOW(), NOW(), 0),
(1047, 'DEMO-OF-0048', '投影仪', 1, 'CB-X06', 'Epson', '2021-08-23', 5155.04, 5, 0.05, 'straight_line', 4815.67, 339.37, '图书馆', '张伟', 'A座4层研发室', 'IN_USE', 'Phase13演示', NOW(), NOW(), 0),
(1048, 'DEMO-EL-0049', 'MacBook Pro 笔记本', 2, '14英寸 M3 Pro', 'Apple', '2018-09-09', 18724.31, 4, 0.05, 'straight_line', 17788.09, 936.22, '财务部', '韩梅', 'A座2层文印室', 'WAITING_SCRAP', 'Phase13演示', NOW(), NOW(), 0),
(1049, 'DEMO-OF-0050', '文件柜', 1, '钢制四节柜', '震旦', '2020-03-29', 1169.22, 8, 0.05, 'straight_line', 879.35, 289.87, '财务部', '何琳', 'A座5层办公室', 'INVENTORY_ABNORMAL', 'Phase13演示', NOW(), NOW(), 0),
(1050, 'DEMO-EL-0051', 'Dell OptiPlex 台式机', 2, '7090 Tower', 'Dell', '2017-07-06', 5770.65, 4, 0.05, 'straight_line', 5482.12, 288.53, '信息中心', '蒋雪', 'B座2层财务室', 'IN_USE', 'Phase13演示', NOW(), NOW(), 0),
(1051, 'DEMO-OF-0052', '空调', 1, 'KFR-72LW', '格力', '2025-04-14', 7497.18, 8, 0.05, 'straight_line', 1112.86, 6384.32, '教务部', '韩梅', '一号车间', 'IN_USE', 'Phase13演示', NOW(), NOW(), 0),
(1052, 'DEMO-LA-0053', '3D 打印机', 10, 'Ultimaker S5', 'Ultimaker', '2023-10-14', 39989.55, 10, 0.05, 'straight_line', 10447.27, 29542.28, '财务部', '陈静', '一号车间', 'IDLE', 'Phase13演示', NOW(), NOW(), 0),
(1053, 'DEMO-EL-0054', '联想 ThinkCentre 台式机', 2, 'M750t', 'Lenovo', '2022-09-18', 4912.53, 4, 0.05, 'straight_line', 4472.45, 440.08, '实验实训中心', '许慧', '仓库A区', 'REPAIRING', 'Phase13演示', NOW(), NOW(), 0),
(1054, 'DEMO-OF-0055', '办公桌', 1, '主管桌套装', '震旦', '2024-08-26', 3244.5, 8, 0.05, 'straight_line', 738.46, 2506.04, '资产管理部', '彭超', 'A座2层文印室', 'IN_USE', 'Phase13演示', NOW(), NOW(), 0),
(1055, 'DEMO-OF-0056', '会议桌', 1, '12人会议桌', '圣奥', '2024-03-14', 8294.83, 8, 0.05, 'straight_line', 2298.36, 5996.47, '后勤保障部', '蒋雪', 'B座4层人资室', 'IN_USE', 'Phase13演示', NOW(), NOW(), 0),
(1056, 'DEMO-OF-0057', '文件柜', 1, '钢制四节柜', '震旦', '2023-11-20', 1595.35, 8, 0.05, 'straight_line', 505.19, 1090.16, '审计部', '张伟', '保卫处监控室', 'INVENTORY_ABNORMAL', 'Phase13演示', NOW(), NOW(), 0),
(1057, 'DEMO-NE-0058', '华为交换机', 6, 'S5700-28C-HI', 'Huawei', '2023-04-25', 10789.26, 5, 0.05, 'straight_line', 6662.37, 4126.89, '资产管理部', '钱坤', '数据中心1机柜', 'IN_USE', 'Phase13演示', NOW(), NOW(), 0),
(1058, 'DEMO-TE-0059', '实验台', 9, '物理实验台标准型', '科教', '2018-10-26', 11565.84, 8, 0.05, 'straight_line', 10644.19, 921.65, '图书馆', '郑洁', 'A座1层大厅', 'IN_USE', 'Phase13演示', NOW(), NOW(), 0),
(1059, 'DEMO-EL-0060', 'ThinkPad 笔记本', 2, 'T14 Gen4', 'Lenovo', '2023-07-06', 11508.15, 4, 0.05, 'straight_line', 10932.74, 575.41, '财务部', NULL, '实验楼3层', 'SCRAPPED', 'Phase13演示', NOW(), NOW(), 0);
INSERT INTO asset (id, asset_code, asset_name, category_id, specification, brand, purchase_date, original_value, useful_life, residual_rate, depreciation_method, accumulated_depreciation, net_value, department, keeper, location, status, remark, created_at, updated_at, deleted) VALUES
(1060, 'DEMO-SE-0061', 'Dell 服务器', 7, 'PowerEdge R750', 'Dell', '2019-10-01', 56147.72, 5, 0.05, 'straight_line', 53340.33, 2807.39, '实验实训中心', '蒋雪', '仓库A区', 'IDLE', 'Phase13演示', NOW(), NOW(), 0),
(1061, 'DEMO-OF-0062', '办公桌', 1, '主管桌套装', '震旦', '2019-08-22', 3441.03, 8, 0.05, 'straight_line', 2826.3, 614.73, '图书馆', '赵敏', '数据中心2机柜', 'IDLE', 'Phase13演示', NOW(), NOW(), 0),
(1062, 'DEMO-TE-0063', '教学一体机', 9, '希沃 BT86', '视源', '2023-08-01', 31225.41, 8, 0.05, 'straight_line', 10815.05, 20410.36, '信息中心', '胡军', '一号车间', 'IN_USE', 'Phase13演示', NOW(), NOW(), 0),
(1063, 'DEMO-EL-0064', '联想 ThinkCentre 台式机', 2, 'M750t', 'Lenovo', '2017-05-24', 5695.82, 4, 0.05, 'straight_line', 5411.03, 284.79, '图书馆', '许慧', '仓库A区', 'IN_USE', 'Phase13演示', NOW(), NOW(), 0),
(1064, 'DEMO-PR-0065', '叉车', 4, 'CPD15电动叉车', '杭叉', '2024-03-24', 132907.45, 10, 0.05, 'straight_line', 29461.15, 103446.3, '教务部', '何琳', 'A座3层机房', 'IN_USE', 'Phase13演示', NOW(), NOW(), 0),
(1065, 'DEMO-OF-0066', '空调', 1, 'KFR-72LW', '格力', '2019-06-14', 11524.63, 8, 0.05, 'straight_line', 9693.89, 1830.74, '教务部', '许慧', 'A座4层研发室', 'IN_USE', 'Phase13演示', NOW(), NOW(), 0),
(1066, 'DEMO-PR-0067', '叉车', 4, 'CPD15电动叉车', '杭叉', '2020-10-01', 143503.04, 10, 0.05, 'straight_line', 78388.54, 65114.5, '综合办公室', '许慧', '一号车间', 'IDLE', 'Phase13演示', NOW(), NOW(), 0),
(1067, 'DEMO-NE-0068', '群晖 NAS', 6, 'RS1221+', 'Synology', '2023-02-14', 14414.4, 5, 0.05, 'straight_line', 9357.35, 5057.05, '图书馆', '周芳', 'B座2层财务室', 'IN_USE', 'Phase13演示', NOW(), NOW(), 0),
(1068, 'DEMO-OF-0069', '会议一体机', 1, 'MAXHUB BC86', '视源', '2022-03-10', 29303.8, 5, 0.05, 'straight_line', 24126.8, 5177.0, '财务部', '朱琳', '实验楼3层', 'IDLE', 'Phase13演示', NOW(), NOW(), 0),
(1069, 'DEMO-SE-0070', '浪潮服务器', 7, 'NF5280M6', 'Inspur', '2017-02-02', 58964.03, 5, 0.05, 'straight_line', 56015.83, 2948.2, '信息中心', '吴昊', 'B座4层人资室', 'IN_USE', 'Phase13演示', NOW(), NOW(), 0),
(1070, 'DEMO-NE-0071', '华为交换机', 6, 'S5700-28C-HI', 'Huawei', '2019-12-08', 11009.22, 5, 0.05, 'straight_line', 10458.76, 550.46, '保卫处', '秦刚', 'C座2层办公室', 'IN_USE', 'Phase13演示', NOW(), NOW(), 0),
(1071, 'DEMO-OF-0072', '投影仪', 1, 'CB-X06', 'Epson', '2018-11-11', 4825.36, 5, 0.05, 'straight_line', 4584.09, 241.27, '审计部', '马强', '1号停车位', 'IN_USE', 'Phase13演示', NOW(), NOW(), 0),
(1072, 'DEMO-OF-0073', '办公桌', 1, '主管桌套装', '震旦', '2017-07-06', 5203.54, 8, 0.05, 'straight_line', 4943.36, 260.18, '财务部', '许慧', 'A座3层机房', 'IN_USE', 'Phase13演示', NOW(), NOW(), 0),
(1073, 'DEMO-SE-0074', '浪潮服务器', 7, 'NF5280M6', 'Inspur', '2019-05-05', 61917.2, 5, 0.05, 'straight_line', 58821.34, 3095.86, '保卫处', '郑洁', 'A座3层机房', 'IN_USE', 'Phase13演示', NOW(), NOW(), 0),
(1074, 'DEMO-OF-0075', '文件柜', 1, '钢制四节柜', '震旦', '2023-10-21', 1752.0, 8, 0.05, 'straight_line', 572.14, 1179.86, '综合办公室', '刘佳', 'B座2层财务室', 'IN_USE', 'Phase13演示', NOW(), NOW(), 0),
(1075, 'DEMO-EL-0076', 'HP 打印机', 2, 'LaserJet 400', 'HP', '2023-09-11', 2036.64, 5, 0.05, 'straight_line', 1934.81, 101.83, '后勤保障部', NULL, '教学楼5层', 'SCRAPPED', 'Phase13演示', NOW(), NOW(), 0),
(1076, 'DEMO-OF-0077', '会议桌', 1, '12人会议桌', '圣奥', '2021-05-01', 10379.43, 8, 0.05, 'straight_line', 6368.21, 4011.22, '实验实训中心', '秦刚', '实验楼3层', 'INVENTORY_ABNORMAL', 'Phase13演示', NOW(), NOW(), 0),
(1077, 'DEMO-NE-0078', '华为交换机', 6, 'S5700-28C-HI', 'Huawei', '2022-02-18', 13028.42, 5, 0.05, 'straight_line', 10933.02, 2095.4, '后勤保障部', '彭超', 'B座2层会议室', 'INVENTORY_ABNORMAL', 'Phase13演示', NOW(), NOW(), 0),
(1078, 'DEMO-EL-0079', 'HP 打印机', 2, 'LaserJet 400', 'HP', '2026-05-18', 2984.09, 5, 0.05, 'straight_line', 2834.89, 149.2, '资产管理部', NULL, '仓库B区', 'SCRAPPED', 'Phase13演示', NOW(), NOW(), 0),
(1079, 'DEMO-OF-0080', '会议一体机', 1, 'MAXHUB BC86', '视源', '2017-06-03', 21720.3, 5, 0.05, 'straight_line', 20634.28, 1086.02, '图书馆', '高峰', 'A座2层文印室', 'IN_USE', 'Phase13演示', NOW(), NOW(), 0);
INSERT INTO asset (id, asset_code, asset_name, category_id, specification, brand, purchase_date, original_value, useful_life, residual_rate, depreciation_method, accumulated_depreciation, net_value, department, keeper, location, status, remark, created_at, updated_at, deleted) VALUES
(1080, 'DEMO-LA-0081', '示波器', 10, 'MSO64B', 'Tektronix', '2016-12-04', 57459.91, 10, 0.05, 'straight_line', 52312.46, 5147.45, '资产管理部', '高峰', 'A座5层办公室', 'REPAIRING', 'Phase13演示', NOW(), NOW(), 0),
(1081, 'DEMO-OF-0082', '办公桌', 1, '主管桌套装', '震旦', '2020-06-25', 3893.93, 8, 0.05, 'straight_line', 2812.96, 1080.97, '图书馆', '朱琳', 'C座2层办公室', 'IN_USE', 'Phase13演示', NOW(), NOW(), 0),
(1082, 'DEMO-VE-0083', '公务车', 3, '帕萨特 380TSI', '大众', '2019-07-27', 242399.81, 8, 0.05, 'straight_line', 230279.82, 12119.99, '图书馆', NULL, '一号车间', 'SCRAPPED', 'Phase13演示', NOW(), NOW(), 0),
(1083, 'DEMO-OF-0084', '文件柜', 1, '钢制四节柜', '震旦', '2021-06-09', 1706.85, 8, 0.05, 'straight_line', 1030.33, 676.52, '财务部', '沈月', '1号停车位', 'IN_USE', 'Phase13演示', NOW(), NOW(), 0),
(1084, 'DEMO-OF-0085', '投影仪', 1, 'CB-X06', 'Epson', '2023-09-01', 4277.57, 5, 0.05, 'straight_line', 2302.76, 1974.81, '综合办公室', '马强', '1号停车位', 'IN_USE', 'Phase13演示', NOW(), NOW(), 0),
(1085, 'DEMO-TE-0086', '实验台', 9, '物理实验台标准型', '科教', '2021-07-04', 9674.72, 8, 0.05, 'straight_line', 5744.36, 3930.36, '资产管理部', '胡军', 'B座4层人资室', 'INVENTORY_ABNORMAL', 'Phase13演示', NOW(), NOW(), 0),
(1086, 'DEMO-NE-0087', 'H3C 核心交换机', 6, 'S6520X-30HC', 'H3C', '2022-11-08', 30434.3, 5, 0.05, 'straight_line', 28912.58, 1521.72, '图书馆', NULL, 'A座3层机房', 'SCRAPPED', 'Phase13演示', NOW(), NOW(), 0),
(1087, 'DEMO-EL-0088', 'HP 打印机', 2, 'LaserJet 400', 'HP', '2022-02-22', 2226.25, 5, 0.05, 'straight_line', 1868.19, 358.06, '财务部', '胡军', 'B座2层财务室', 'IDLE', 'Phase13演示', NOW(), NOW(), 0),
(1088, 'DEMO-EL-0089', 'MacBook Pro 笔记本', 2, '14英寸 M3 Pro', 'Apple', '2022-09-23', 16073.92, 4, 0.05, 'straight_line', 14633.96, 1439.96, '图书馆', '高峰', '一号车间', 'INVENTORY_ABNORMAL', 'Phase13演示', NOW(), NOW(), 0),
(1089, 'DEMO-EL-0090', 'Dell OptiPlex 台式机', 2, '7090 Tower', 'Dell', '2021-09-23', 5517.09, 4, 0.05, 'straight_line', 5241.24, 275.85, '实验实训中心', '杨光', '门卫室', 'IN_USE', 'Phase13演示', NOW(), NOW(), 0),
(1090, 'DEMO-EL-0091', '联想 ThinkCentre 台式机', 2, 'M750t', 'Lenovo', '2017-11-08', 6470.48, 4, 0.05, 'straight_line', 6146.96, 323.52, '保卫处', NULL, '数据中心2机柜', 'SCRAPPED', 'Phase13演示', NOW(), NOW(), 0),
(1091, 'DEMO-SE-0092', '监控摄像头', 8, 'DS-2CD2T86FW', 'Hikvision', '2022-06-30', 810.02, 8, 0.05, 'straight_line', 392.78, 417.24, '综合办公室', '彭超', '一号车间', 'REPAIRING', 'Phase13演示', NOW(), NOW(), 0),
(1092, 'DEMO-LA-0093', '示波器', 10, 'MSO64B', 'Tektronix', '2020-04-25', 82375.78, 10, 0.05, 'straight_line', 48910.62, 33465.16, '保卫处', '刘佳', '1号停车位', 'TRANSFERRING', 'Phase13演示', NOW(), NOW(), 0),
(1093, 'DEMO-NE-0094', 'H3C 核心交换机', 6, 'S6520X-30HC', 'H3C', '2020-12-28', 30458.71, 5, 0.05, 'straight_line', 28935.77, 1522.94, '信息中心', '彭超', 'C座2层办公室', 'REPAIRING', 'Phase13演示', NOW(), NOW(), 0),
(1094, 'DEMO-OF-0095', '空调', 1, 'KFR-72LW', '格力', '2021-11-26', 10074.85, 8, 0.05, 'straight_line', 5583.15, 4491.7, '财务部', '高峰', 'A座5层办公室', 'IN_USE', 'Phase13演示', NOW(), NOW(), 0),
(1095, 'DEMO-LA-0096', '3D 打印机', 10, 'Ultimaker S5', 'Ultimaker', '2022-01-08', 35682.47, 10, 0.05, 'straight_line', 15254.26, 20428.21, '保卫处', '杨光', '保卫处监控室', 'IDLE', 'Phase13演示', NOW(), NOW(), 0),
(1096, 'DEMO-EL-0097', '联想 ThinkCentre 台式机', 2, 'M750t', 'Lenovo', '2021-08-19', 4693.08, 4, 0.05, 'straight_line', 4458.43, 234.65, '财务部', NULL, '二号车间', 'SCRAPPED', 'Phase13演示', NOW(), NOW(), 0),
(1097, 'DEMO-OF-0098', '佳能复印机', 1, 'imageRUNNER 2625', 'Canon', '2022-03-10', 15653.7, 5, 0.05, 'straight_line', 12888.21, 2765.49, '教务部', '孙磊', '二号车间', 'IDLE', 'Phase13演示', NOW(), NOW(), 0),
(1098, 'DEMO-NE-0099', '群晖 NAS', 6, 'RS1221+', 'Synology', '2016-07-28', 14025.0, 5, 0.05, 'straight_line', 13323.75, 701.25, '实验实训中心', '钱坤', '仓库B区', 'IDLE', 'Phase13演示', NOW(), NOW(), 0),
(1099, 'DEMO-OF-0100', '文件柜', 1, '钢制四节柜', '震旦', '2017-01-28', 1221.56, 8, 0.05, 'straight_line', 1160.48, 61.08, '资产管理部', '严雷', 'A座1层大厅', 'IN_USE', 'Phase13演示', NOW(), NOW(), 0);
INSERT INTO asset (id, asset_code, asset_name, category_id, specification, brand, purchase_date, original_value, useful_life, residual_rate, depreciation_method, accumulated_depreciation, net_value, department, keeper, location, status, remark, created_at, updated_at, deleted) VALUES
(1100, 'DEMO-PR-0101', '叉车', 4, 'CPD15电动叉车', '杭叉', '2022-07-07', 120062.24, 10, 0.05, 'straight_line', 45623.65, 74438.59, '审计部', '秦刚', 'A座3层机房', 'IN_USE', 'Phase13演示', NOW(), NOW(), 0),
(1101, 'DEMO-VE-0102', '公务车', 3, '帕萨特 380TSI', '大众', '2025-12-27', 247009.99, 8, 0.05, 'straight_line', 234659.49, 12350.5, '信息中心', NULL, 'B座2层会议室', 'SCRAPPED', 'Phase13演示', NOW(), NOW(), 0),
(1102, 'DEMO-NE-0103', '华为交换机', 6, 'S5700-28C-HI', 'Huawei', '2019-06-22', 13874.6, 5, 0.05, 'straight_line', 13180.87, 693.73, '财务部', '刘佳', 'A座5层办公室', 'INVENTORY_ABNORMAL', 'Phase13演示', NOW(), NOW(), 0),
(1103, 'DEMO-SE-0104', '监控摄像头', 8, 'DS-2CD2T86FW', 'Hikvision', '2020-02-11', 1938.08, 8, 0.05, 'straight_line', 1476.78, 461.3, '审计部', '高峰', '门卫室', 'IN_USE', 'Phase13演示', NOW(), NOW(), 0),
(1104, 'DEMO-SE-0105', 'Dell 服务器', 7, 'PowerEdge R750', 'Dell', '2024-07-22', 78006.94, 5, 0.05, 'straight_line', 29642.64, 48364.3, '保卫处', '朱琳', '仓库A区', 'IN_USE', 'Phase13演示', NOW(), NOW(), 0),
(1105, 'DEMO-PR-0106', '发电机', 4, '100kW柴油发电机组', '康明斯', '2017-04-02', 138325.26, 10, 0.05, 'straight_line', 121553.32, 16771.94, '财务部', '吴昊', 'A座4层研发室', 'IDLE', 'Phase13演示', NOW(), NOW(), 0),
(1106, 'DEMO-LA-0107', '频谱分析仪', 10, 'N9020B', 'Keysight', '2022-12-10', 81797.49, 10, 0.05, 'straight_line', 27845.23, 53952.26, '保卫处', '许慧', '数据中心2机柜', 'IN_USE', 'Phase13演示', NOW(), NOW(), 0),
(1107, 'DEMO-SE-0108', 'UPS 电源', 8, 'Smart-UPS 3000VA', 'APC', '2024-03-19', 11648.82, 8, 0.05, 'straight_line', 3227.69, 8421.13, '资产管理部', '杨光', '门卫室', 'IDLE', 'Phase13演示', NOW(), NOW(), 0),
(1108, 'DEMO-OF-0109', '文件柜', 1, '钢制四节柜', '震旦', '2025-04-18', 1427.24, 8, 0.05, 'straight_line', 211.86, 1215.38, '综合办公室', '许慧', '教学楼5层', 'INVENTORY_ABNORMAL', 'Phase13演示', NOW(), NOW(), 0),
(1109, 'DEMO-OF-0110', '办公桌', 1, '主管桌套装', '震旦', '2020-02-03', 2863.17, 8, 0.05, 'straight_line', 2181.68, 681.49, '信息中心', '蒋雪', '图书馆1层', 'REPAIRING', 'Phase13演示', NOW(), NOW(), 0),
(1110, 'DEMO-OF-0111', '会议一体机', 1, 'MAXHUB BC86', '视源', '2025-08-31', 29245.86, 5, 0.05, 'straight_line', 5093.65, 24152.21, '图书馆', '秦刚', 'C座2层办公室', 'IN_USE', 'Phase13演示', NOW(), NOW(), 0),
(1111, 'DEMO-EL-0112', '联想 ThinkCentre 台式机', 2, 'M750t', 'Lenovo', '2017-03-20', 6454.02, 4, 0.05, 'straight_line', 6131.32, 322.7, '后勤保障部', '赵敏', '一号车间', 'INVENTORY_ABNORMAL', 'Phase13演示', NOW(), NOW(), 0),
(1112, 'DEMO-NE-0113', '防火墙', 6, 'USG6555E', 'Huawei', '2017-02-22', 42711.7, 5, 0.05, 'straight_line', 40576.11, 2135.59, '后勤保障部', '胡军', 'A座5层办公室', 'IN_USE', 'Phase13演示', NOW(), NOW(), 0),
(1113, 'DEMO-OF-0114', '会议一体机', 1, 'MAXHUB BC86', '视源', '2020-08-02', 20994.33, 5, 0.05, 'straight_line', 19944.61, 1049.72, '综合办公室', '朱琳', '图书馆1层', 'IN_USE', 'Phase13演示', NOW(), NOW(), 0),
(1114, 'DEMO-VE-0115', '公务车', 3, '帕萨特 380TSI', '大众', '2021-07-21', 213844.83, 8, 0.05, 'straight_line', 126970.37, 86874.46, '保卫处', '钱坤', 'C座2层办公室', 'IN_USE', 'Phase13演示', NOW(), NOW(), 0),
(1115, 'DEMO-OF-0116', '会议桌', 1, '12人会议桌', '圣奥', '2025-06-20', 6718.47, 8, 0.05, 'straight_line', 864.3, 5854.17, '综合办公室', '高峰', 'B座2层会议室', 'IN_USE', 'Phase13演示', NOW(), NOW(), 0),
(1116, 'DEMO-VE-0117', '公务车', 3, '帕萨特 380TSI', '大众', '2019-08-06', 212529.59, 8, 0.05, 'straight_line', 174562.06, 37967.53, '实验实训中心', '郑洁', 'A座1层大厅', 'WAITING_SCRAP', 'Phase13演示', NOW(), NOW(), 0),
(1117, 'DEMO-SE-0118', '监控摄像头', 8, 'DS-2CD2T86FW', 'Hikvision', '2024-05-26', 2246.62, 8, 0.05, 'straight_line', 578.04, 1668.58, '后勤保障部', '孙磊', '数据中心1机柜', 'IN_USE', 'Phase13演示', NOW(), NOW(), 0),
(1118, 'DEMO-OF-0119', '办公桌', 1, '主管桌套装', '震旦', '2023-04-21', 3275.06, 8, 0.05, 'straight_line', 1263.97, 2011.09, '保卫处', '胡军', 'B座3层培训室', 'IN_USE', 'Phase13演示', NOW(), NOW(), 0),
(1119, 'DEMO-LA-0120', '示波器', 10, 'MSO64B', 'Tektronix', '2024-04-18', 45507.56, 10, 0.05, 'straight_line', 9727.24, 35780.32, '资产管理部', '刘佳', '仓库A区', 'TRANSFERRING', 'Phase13演示', NOW(), NOW(), 0);

-- 操作日志
INSERT INTO asset_operation_log (id, asset_id, operation_type, operation_name, before_status, after_status, operator_id, operator_name, operation_time, remark) VALUES
(1000, 1000, 'INBOUND', '入库登记', NULL, 'IN_USE', 1, '系统管理员', '2021-11-17 08:25:00', '演示入库'),
(1001, 1001, 'INBOUND', '入库登记', NULL, 'TRANSFERRING', 1, '系统管理员', '2017-12-07 16:16:00', '演示入库'),
(1002, 1002, 'INBOUND', '入库登记', NULL, 'WAITING_SCRAP', 1, '系统管理员', '2021-02-04 03:15:00', '演示入库'),
(1003, 1003, 'INBOUND', '入库登记', NULL, 'INVENTORY_ABNORMAL', 1, '系统管理员', '2020-12-06 09:10:00', '演示入库'),
(1004, 1004, 'INBOUND', '入库登记', NULL, 'REPAIRING', 1, '系统管理员', '2026-03-30 21:42:00', '演示入库'),
(1005, 1005, 'INBOUND', '入库登记', NULL, 'IN_USE', 1, '系统管理员', '2023-12-14 11:16:00', '演示入库'),
(1006, 1006, 'INBOUND', '入库登记', NULL, 'WAITING_SCRAP', 1, '系统管理员', '2023-09-16 14:18:00', '演示入库'),
(1007, 1007, 'INBOUND', '入库登记', NULL, 'REPAIRING', 1, '系统管理员', '2019-11-30 12:30:00', '演示入库'),
(1008, 1008, 'INBOUND', '入库登记', NULL, 'WAITING_SCRAP', 1, '系统管理员', '2020-03-24 07:38:00', '演示入库'),
(1009, 1009, 'INBOUND', '入库登记', NULL, 'SCRAPPED', 1, '系统管理员', '2021-08-31 00:25:00', '演示入库'),
(1010, 1010, 'INBOUND', '入库登记', NULL, 'IN_USE', 1, '系统管理员', '2022-09-23 12:16:00', '演示入库'),
(1011, 1011, 'INBOUND', '入库登记', NULL, 'IDLE', 1, '系统管理员', '2021-05-07 15:41:00', '演示入库'),
(1012, 1012, 'INBOUND', '入库登记', NULL, 'REPAIRING', 1, '系统管理员', '2023-08-14 16:53:00', '演示入库'),
(1013, 1013, 'INBOUND', '入库登记', NULL, 'IN_USE', 1, '系统管理员', '2018-05-07 17:40:00', '演示入库'),
(1014, 1014, 'INBOUND', '入库登记', NULL, 'IN_USE', 1, '系统管理员', '2025-02-04 00:26:00', '演示入库'),
(1015, 1015, 'INBOUND', '入库登记', NULL, 'IDLE', 1, '系统管理员', '2017-11-21 01:49:00', '演示入库'),
(1016, 1016, 'INBOUND', '入库登记', NULL, 'TRANSFERRING', 1, '系统管理员', '2024-04-15 17:13:00', '演示入库'),
(1017, 1017, 'INBOUND', '入库登记', NULL, 'WAITING_SCRAP', 1, '系统管理员', '2021-01-02 15:14:00', '演示入库'),
(1018, 1018, 'INBOUND', '入库登记', NULL, 'IN_USE', 1, '系统管理员', '2019-10-29 07:22:00', '演示入库'),
(1019, 1019, 'INBOUND', '入库登记', NULL, 'IDLE', 1, '系统管理员', '2023-04-06 20:07:00', '演示入库');
INSERT INTO asset_operation_log (id, asset_id, operation_type, operation_name, before_status, after_status, operator_id, operator_name, operation_time, remark) VALUES
(1020, 1020, 'INBOUND', '入库登记', NULL, 'IN_USE', 1, '系统管理员', '2024-04-04 14:46:00', '演示入库'),
(1021, 1021, 'INBOUND', '入库登记', NULL, 'IDLE', 1, '系统管理员', '2022-05-22 18:41:00', '演示入库'),
(1022, 1022, 'INBOUND', '入库登记', NULL, 'WAITING_SCRAP', 1, '系统管理员', '2026-04-12 01:26:00', '演示入库'),
(1023, 1023, 'INBOUND', '入库登记', NULL, 'SCRAPPED', 1, '系统管理员', '2025-01-06 15:58:00', '演示入库'),
(1024, 1024, 'INBOUND', '入库登记', NULL, 'IN_USE', 1, '系统管理员', '2025-10-28 06:42:00', '演示入库'),
(1025, 1025, 'INBOUND', '入库登记', NULL, 'IN_USE', 1, '系统管理员', '2018-08-13 19:20:00', '演示入库'),
(1026, 1026, 'INBOUND', '入库登记', NULL, 'IDLE', 1, '系统管理员', '2016-09-11 08:54:00', '演示入库'),
(1027, 1027, 'INBOUND', '入库登记', NULL, 'IDLE', 1, '系统管理员', '2016-08-25 23:24:00', '演示入库'),
(1028, 1028, 'INBOUND', '入库登记', NULL, 'IN_USE', 1, '系统管理员', '2023-04-01 08:30:00', '演示入库'),
(1029, 1029, 'INBOUND', '入库登记', NULL, 'TRANSFERRING', 1, '系统管理员', '2021-06-30 13:49:00', '演示入库'),
(1030, 1030, 'INBOUND', '入库登记', NULL, 'IN_USE', 1, '系统管理员', '2025-11-10 15:05:00', '演示入库'),
(1031, 1031, 'INBOUND', '入库登记', NULL, 'IN_USE', 1, '系统管理员', '2021-01-29 20:08:00', '演示入库'),
(1032, 1032, 'INBOUND', '入库登记', NULL, 'IN_USE', 1, '系统管理员', '2025-09-14 11:29:00', '演示入库'),
(1033, 1033, 'INBOUND', '入库登记', NULL, 'IN_USE', 1, '系统管理员', '2025-08-09 05:20:00', '演示入库'),
(1034, 1034, 'INBOUND', '入库登记', NULL, 'IDLE', 1, '系统管理员', '2018-09-27 22:51:00', '演示入库'),
(1035, 1035, 'INBOUND', '入库登记', NULL, 'IN_USE', 1, '系统管理员', '2024-10-05 05:41:00', '演示入库'),
(1036, 1036, 'INBOUND', '入库登记', NULL, 'IDLE', 1, '系统管理员', '2025-06-25 16:53:00', '演示入库'),
(1037, 1037, 'INBOUND', '入库登记', NULL, 'IN_USE', 1, '系统管理员', '2020-03-06 10:22:00', '演示入库'),
(1038, 1038, 'INBOUND', '入库登记', NULL, 'IDLE', 1, '系统管理员', '2019-10-02 04:46:00', '演示入库'),
(1039, 1039, 'INBOUND', '入库登记', NULL, 'IN_USE', 1, '系统管理员', '2017-09-26 07:36:00', '演示入库');
INSERT INTO asset_operation_log (id, asset_id, operation_type, operation_name, before_status, after_status, operator_id, operator_name, operation_time, remark) VALUES
(1040, 1040, 'INBOUND', '入库登记', NULL, 'IDLE', 1, '系统管理员', '2021-05-20 09:41:00', '演示入库'),
(1041, 1041, 'INBOUND', '入库登记', NULL, 'IDLE', 1, '系统管理员', '2016-10-15 05:33:00', '演示入库'),
(1042, 1042, 'INBOUND', '入库登记', NULL, 'IDLE', 1, '系统管理员', '2023-01-05 05:21:00', '演示入库'),
(1043, 1043, 'INBOUND', '入库登记', NULL, 'IN_USE', 1, '系统管理员', '2025-10-05 04:13:00', '演示入库'),
(1044, 1044, 'INBOUND', '入库登记', NULL, 'IDLE', 1, '系统管理员', '2025-04-28 17:20:00', '演示入库'),
(1045, 1045, 'INBOUND', '入库登记', NULL, 'IDLE', 1, '系统管理员', '2024-01-26 15:18:00', '演示入库'),
(1046, 1046, 'INBOUND', '入库登记', NULL, 'IN_USE', 1, '系统管理员', '2025-07-11 18:45:00', '演示入库'),
(1047, 1047, 'INBOUND', '入库登记', NULL, 'IN_USE', 1, '系统管理员', '2024-06-27 06:56:00', '演示入库'),
(1048, 1048, 'INBOUND', '入库登记', NULL, 'WAITING_SCRAP', 1, '系统管理员', '2024-09-05 23:34:00', '演示入库'),
(1049, 1049, 'INBOUND', '入库登记', NULL, 'INVENTORY_ABNORMAL', 1, '系统管理员', '2021-05-20 01:22:00', '演示入库'),
(1050, 1050, 'INBOUND', '入库登记', NULL, 'IN_USE', 1, '系统管理员', '2021-03-02 14:58:00', '演示入库'),
(1051, 1051, 'INBOUND', '入库登记', NULL, 'IN_USE', 1, '系统管理员', '2023-11-03 14:15:00', '演示入库'),
(1052, 1052, 'INBOUND', '入库登记', NULL, 'IDLE', 1, '系统管理员', '2023-04-07 01:05:00', '演示入库'),
(1053, 1053, 'INBOUND', '入库登记', NULL, 'REPAIRING', 1, '系统管理员', '2021-05-06 21:17:00', '演示入库'),
(1054, 1054, 'INBOUND', '入库登记', NULL, 'IN_USE', 1, '系统管理员', '2023-10-26 15:10:00', '演示入库'),
(1055, 1055, 'INBOUND', '入库登记', NULL, 'IN_USE', 1, '系统管理员', '2017-07-25 03:23:00', '演示入库'),
(1056, 1056, 'INBOUND', '入库登记', NULL, 'INVENTORY_ABNORMAL', 1, '系统管理员', '2019-01-08 17:33:00', '演示入库'),
(1057, 1057, 'INBOUND', '入库登记', NULL, 'IN_USE', 1, '系统管理员', '2025-02-23 06:46:00', '演示入库'),
(1058, 1058, 'INBOUND', '入库登记', NULL, 'IN_USE', 1, '系统管理员', '2019-03-05 19:02:00', '演示入库'),
(1059, 1059, 'INBOUND', '入库登记', NULL, 'SCRAPPED', 1, '系统管理员', '2023-06-16 19:56:00', '演示入库');
INSERT INTO asset_operation_log (id, asset_id, operation_type, operation_name, before_status, after_status, operator_id, operator_name, operation_time, remark) VALUES
(1060, 1060, 'INBOUND', '入库登记', NULL, 'IDLE', 1, '系统管理员', '2025-10-07 18:10:00', '演示入库'),
(1061, 1061, 'INBOUND', '入库登记', NULL, 'IDLE', 1, '系统管理员', '2022-12-27 04:13:00', '演示入库'),
(1062, 1062, 'INBOUND', '入库登记', NULL, 'IN_USE', 1, '系统管理员', '2017-03-11 05:02:00', '演示入库'),
(1063, 1063, 'INBOUND', '入库登记', NULL, 'IN_USE', 1, '系统管理员', '2023-03-14 09:53:00', '演示入库'),
(1064, 1064, 'INBOUND', '入库登记', NULL, 'IN_USE', 1, '系统管理员', '2021-03-07 01:41:00', '演示入库'),
(1065, 1065, 'INBOUND', '入库登记', NULL, 'IN_USE', 1, '系统管理员', '2018-08-03 11:43:00', '演示入库'),
(1066, 1066, 'INBOUND', '入库登记', NULL, 'IDLE', 1, '系统管理员', '2020-10-28 06:29:00', '演示入库'),
(1067, 1067, 'INBOUND', '入库登记', NULL, 'IN_USE', 1, '系统管理员', '2021-07-11 21:22:00', '演示入库'),
(1068, 1068, 'INBOUND', '入库登记', NULL, 'IDLE', 1, '系统管理员', '2025-12-27 10:13:00', '演示入库'),
(1069, 1069, 'INBOUND', '入库登记', NULL, 'IN_USE', 1, '系统管理员', '2022-10-27 04:44:00', '演示入库'),
(1070, 1070, 'INBOUND', '入库登记', NULL, 'IN_USE', 1, '系统管理员', '2026-02-23 21:46:00', '演示入库'),
(1071, 1071, 'INBOUND', '入库登记', NULL, 'IN_USE', 1, '系统管理员', '2018-11-16 05:23:00', '演示入库'),
(1072, 1072, 'INBOUND', '入库登记', NULL, 'IN_USE', 1, '系统管理员', '2026-03-16 02:08:00', '演示入库'),
(1073, 1073, 'INBOUND', '入库登记', NULL, 'IN_USE', 1, '系统管理员', '2023-06-01 05:58:00', '演示入库'),
(1074, 1074, 'INBOUND', '入库登记', NULL, 'IN_USE', 1, '系统管理员', '2017-11-17 18:30:00', '演示入库'),
(1075, 1075, 'INBOUND', '入库登记', NULL, 'SCRAPPED', 1, '系统管理员', '2020-08-13 03:32:00', '演示入库'),
(1076, 1076, 'INBOUND', '入库登记', NULL, 'INVENTORY_ABNORMAL', 1, '系统管理员', '2023-04-26 18:23:00', '演示入库'),
(1077, 1077, 'INBOUND', '入库登记', NULL, 'INVENTORY_ABNORMAL', 1, '系统管理员', '2021-07-19 03:08:00', '演示入库'),
(1078, 1078, 'INBOUND', '入库登记', NULL, 'SCRAPPED', 1, '系统管理员', '2020-12-02 21:30:00', '演示入库'),
(1079, 1079, 'INBOUND', '入库登记', NULL, 'IN_USE', 1, '系统管理员', '2022-07-14 10:39:00', '演示入库');
INSERT INTO asset_operation_log (id, asset_id, operation_type, operation_name, before_status, after_status, operator_id, operator_name, operation_time, remark) VALUES
(1080, 1080, 'INBOUND', '入库登记', NULL, 'REPAIRING', 1, '系统管理员', '2022-11-01 02:54:00', '演示入库'),
(1081, 1081, 'INBOUND', '入库登记', NULL, 'IN_USE', 1, '系统管理员', '2016-10-25 18:39:00', '演示入库'),
(1082, 1082, 'INBOUND', '入库登记', NULL, 'SCRAPPED', 1, '系统管理员', '2021-10-26 01:29:00', '演示入库'),
(1083, 1083, 'INBOUND', '入库登记', NULL, 'IN_USE', 1, '系统管理员', '2023-03-16 02:35:00', '演示入库'),
(1084, 1084, 'INBOUND', '入库登记', NULL, 'IN_USE', 1, '系统管理员', '2017-04-24 06:58:00', '演示入库'),
(1085, 1085, 'INBOUND', '入库登记', NULL, 'INVENTORY_ABNORMAL', 1, '系统管理员', '2021-05-03 21:40:00', '演示入库'),
(1086, 1086, 'INBOUND', '入库登记', NULL, 'SCRAPPED', 1, '系统管理员', '2023-08-10 13:53:00', '演示入库'),
(1087, 1087, 'INBOUND', '入库登记', NULL, 'IDLE', 1, '系统管理员', '2017-10-09 11:05:00', '演示入库'),
(1088, 1088, 'INBOUND', '入库登记', NULL, 'INVENTORY_ABNORMAL', 1, '系统管理员', '2020-08-31 23:18:00', '演示入库'),
(1089, 1089, 'INBOUND', '入库登记', NULL, 'IN_USE', 1, '系统管理员', '2016-09-08 06:31:00', '演示入库'),
(1090, 1090, 'INBOUND', '入库登记', NULL, 'SCRAPPED', 1, '系统管理员', '2021-10-20 22:48:00', '演示入库'),
(1091, 1091, 'INBOUND', '入库登记', NULL, 'REPAIRING', 1, '系统管理员', '2020-08-15 12:21:00', '演示入库'),
(1092, 1092, 'INBOUND', '入库登记', NULL, 'TRANSFERRING', 1, '系统管理员', '2017-12-14 08:20:00', '演示入库'),
(1093, 1093, 'INBOUND', '入库登记', NULL, 'REPAIRING', 1, '系统管理员', '2021-06-24 22:47:00', '演示入库'),
(1094, 1094, 'INBOUND', '入库登记', NULL, 'IN_USE', 1, '系统管理员', '2023-06-11 06:52:00', '演示入库'),
(1095, 1095, 'INBOUND', '入库登记', NULL, 'IDLE', 1, '系统管理员', '2023-03-17 09:04:00', '演示入库'),
(1096, 1096, 'INBOUND', '入库登记', NULL, 'SCRAPPED', 1, '系统管理员', '2018-08-09 08:53:00', '演示入库'),
(1097, 1097, 'INBOUND', '入库登记', NULL, 'IDLE', 1, '系统管理员', '2026-02-10 03:22:00', '演示入库'),
(1098, 1098, 'INBOUND', '入库登记', NULL, 'IDLE', 1, '系统管理员', '2017-06-22 16:15:00', '演示入库'),
(1099, 1099, 'INBOUND', '入库登记', NULL, 'IN_USE', 1, '系统管理员', '2024-08-29 14:25:00', '演示入库');
INSERT INTO asset_operation_log (id, asset_id, operation_type, operation_name, before_status, after_status, operator_id, operator_name, operation_time, remark) VALUES
(1100, 1100, 'INBOUND', '入库登记', NULL, 'IN_USE', 1, '系统管理员', '2026-04-13 06:34:00', '演示入库'),
(1101, 1101, 'INBOUND', '入库登记', NULL, 'SCRAPPED', 1, '系统管理员', '2025-05-23 16:07:00', '演示入库'),
(1102, 1102, 'INBOUND', '入库登记', NULL, 'INVENTORY_ABNORMAL', 1, '系统管理员', '2025-03-01 09:53:00', '演示入库'),
(1103, 1103, 'INBOUND', '入库登记', NULL, 'IN_USE', 1, '系统管理员', '2019-03-04 19:29:00', '演示入库'),
(1104, 1104, 'INBOUND', '入库登记', NULL, 'IN_USE', 1, '系统管理员', '2018-05-26 14:28:00', '演示入库'),
(1105, 1105, 'INBOUND', '入库登记', NULL, 'IDLE', 1, '系统管理员', '2018-07-11 15:34:00', '演示入库'),
(1106, 1106, 'INBOUND', '入库登记', NULL, 'IN_USE', 1, '系统管理员', '2017-01-27 08:30:00', '演示入库'),
(1107, 1107, 'INBOUND', '入库登记', NULL, 'IDLE', 1, '系统管理员', '2023-09-14 09:25:00', '演示入库'),
(1108, 1108, 'INBOUND', '入库登记', NULL, 'INVENTORY_ABNORMAL', 1, '系统管理员', '2024-10-24 11:48:00', '演示入库'),
(1109, 1109, 'INBOUND', '入库登记', NULL, 'REPAIRING', 1, '系统管理员', '2019-09-18 07:13:00', '演示入库'),
(1110, 1110, 'INBOUND', '入库登记', NULL, 'IN_USE', 1, '系统管理员', '2016-07-29 19:05:00', '演示入库'),
(1111, 1111, 'INBOUND', '入库登记', NULL, 'INVENTORY_ABNORMAL', 1, '系统管理员', '2025-08-27 15:11:00', '演示入库'),
(1112, 1112, 'INBOUND', '入库登记', NULL, 'IN_USE', 1, '系统管理员', '2017-07-30 10:39:00', '演示入库'),
(1113, 1113, 'INBOUND', '入库登记', NULL, 'IN_USE', 1, '系统管理员', '2017-08-08 07:43:00', '演示入库'),
(1114, 1114, 'INBOUND', '入库登记', NULL, 'IN_USE', 1, '系统管理员', '2017-03-27 23:42:00', '演示入库'),
(1115, 1115, 'INBOUND', '入库登记', NULL, 'IN_USE', 1, '系统管理员', '2018-04-18 14:07:00', '演示入库'),
(1116, 1116, 'INBOUND', '入库登记', NULL, 'WAITING_SCRAP', 1, '系统管理员', '2019-11-08 05:18:00', '演示入库'),
(1117, 1117, 'INBOUND', '入库登记', NULL, 'IN_USE', 1, '系统管理员', '2020-12-11 19:32:00', '演示入库'),
(1118, 1118, 'INBOUND', '入库登记', NULL, 'IN_USE', 1, '系统管理员', '2020-05-24 08:38:00', '演示入库'),
(1119, 1119, 'INBOUND', '入库登记', NULL, 'TRANSFERRING', 1, '系统管理员', '2022-09-16 06:12:00', '演示入库');

-- 入库单(30)
INSERT INTO asset_inbound_order (id, order_code, asset_id, inbound_type, supplier, purchase_order_no, inbound_date, handler, before_status, after_status, status, remark, created_by, created_at, updated_at) VALUES
(1000, 'DEMO-IB-202607-001', 1000, 'PURCHASE', '天猫旗舰店', 'PO52176', '2019-05-31', '孙磊', NULL, 'IN_USE', 'COMPLETED', '演示入库', 1, NOW(), NOW()),
(1001, 'DEMO-IB-202604-002', 1001, 'PURCHASE', '当地供应商', 'PO60196', '2019-04-27', '刘佳', NULL, 'TRANSFERRING', 'COMPLETED', '演示入库', 1, NOW(), NOW()),
(1002, 'DEMO-IB-202501-003', 1002, 'PURCHASE', '京东自营', 'PO71993', '2019-08-12', '胡军', NULL, 'WAITING_SCRAP', 'COMPLETED', '演示入库', 1, NOW(), NOW()),
(1003, 'DEMO-IB-202507-004', 1003, 'PURCHASE', 'Dell直销', 'PO74923', '2017-10-08', '李娜', NULL, 'INVENTORY_ABNORMAL', 'COMPLETED', '演示入库', 1, NOW(), NOW()),
(1004, 'DEMO-IB-202409-005', 1004, 'PURCHASE', '当地供应商', 'PO53515', '2018-03-14', '赵敏', NULL, 'REPAIRING', 'COMPLETED', '演示入库', 1, NOW(), NOW()),
(1005, 'DEMO-IB-202502-006', 1005, 'PURCHASE', '当地供应商', 'PO69890', '2018-01-01', '张伟', NULL, 'IN_USE', 'COMPLETED', '演示入库', 1, NOW(), NOW()),
(1006, 'DEMO-IB-202603-007', 1006, 'PURCHASE', '天猫旗舰店', 'PO95823', '2016-08-26', '周芳', NULL, 'WAITING_SCRAP', 'COMPLETED', '演示入库', 1, NOW(), NOW()),
(1007, 'DEMO-IB-202408-008', 1007, 'PURCHASE', '京东自营', 'PO54375', '2017-08-22', '朱琳', NULL, 'REPAIRING', 'COMPLETED', '演示入库', 1, NOW(), NOW()),
(1008, 'DEMO-IB-202607-009', 1008, 'PURCHASE', '联想代理商', 'PO53065', '2019-03-13', '许慧', NULL, 'WAITING_SCRAP', 'COMPLETED', '演示入库', 1, NOW(), NOW()),
(1009, 'DEMO-IB-202607-010', 1009, 'PURCHASE', '京东自营', 'PO92155', '2017-01-04', '胡军', NULL, 'SCRAPPED', 'COMPLETED', '演示入库', 1, NOW(), NOW()),
(1010, 'DEMO-IB-202509-011', 1010, 'PURCHASE', '联想代理商', 'PO90931', '2021-10-02', '王涛', NULL, 'IN_USE', 'COMPLETED', '演示入库', 1, NOW(), NOW()),
(1011, 'DEMO-IB-202411-012', 1011, 'PURCHASE', '京东自营', 'PO39817', '2016-09-18', '沈月', NULL, 'IDLE', 'COMPLETED', '演示入库', 1, NOW(), NOW()),
(1012, 'DEMO-IB-202407-013', 1012, 'PURCHASE', '联想代理商', 'PO93066', '2021-10-05', '胡军', NULL, 'REPAIRING', 'COMPLETED', '演示入库', 1, NOW(), NOW()),
(1013, 'DEMO-IB-202408-014', 1013, 'PURCHASE', 'Dell直销', 'PO49251', '2022-10-18', '张伟', NULL, 'IN_USE', 'COMPLETED', '演示入库', 1, NOW(), NOW()),
(1014, 'DEMO-IB-202406-015', 1014, 'PURCHASE', '联想代理商', 'PO48452', '2022-08-16', '蒋雪', NULL, 'IN_USE', 'COMPLETED', '演示入库', 1, NOW(), NOW()),
(1015, 'DEMO-IB-202507-016', 1015, 'PURCHASE', 'Dell直销', 'PO42007', '2018-09-09', '马强', NULL, 'IDLE', 'COMPLETED', '演示入库', 1, NOW(), NOW()),
(1016, 'DEMO-IB-202510-017', 1016, 'PURCHASE', 'Dell直销', 'PO32280', '2021-12-06', '陈静', NULL, 'TRANSFERRING', 'COMPLETED', '演示入库', 1, NOW(), NOW()),
(1017, 'DEMO-IB-202410-018', 1017, 'PURCHASE', '天猫旗舰店', 'PO91226', '2021-09-30', '许慧', NULL, 'WAITING_SCRAP', 'COMPLETED', '演示入库', 1, NOW(), NOW()),
(1018, 'DEMO-IB-202408-019', 1018, 'PURCHASE', '当地供应商', 'PO28758', '2018-10-01', '刘佳', NULL, 'IN_USE', 'COMPLETED', '演示入库', 1, NOW(), NOW()),
(1019, 'DEMO-IB-202511-020', 1019, 'PURCHASE', '京东自营', 'PO70236', '2018-08-22', '钱坤', NULL, 'IDLE', 'COMPLETED', '演示入库', 1, NOW(), NOW()),
(1020, 'DEMO-IB-202601-021', 1020, 'PURCHASE', '天猫旗舰店', 'PO47700', '2025-03-19', '许慧', NULL, 'IN_USE', 'COMPLETED', '演示入库', 1, NOW(), NOW()),
(1021, 'DEMO-IB-202603-022', 1021, 'PURCHASE', '联想代理商', 'PO67898', '2021-09-15', '蒋雪', NULL, 'IDLE', 'COMPLETED', '演示入库', 1, NOW(), NOW()),
(1022, 'DEMO-IB-202605-023', 1022, 'PURCHASE', '天猫旗舰店', 'PO42780', '2025-08-05', '高峰', NULL, 'WAITING_SCRAP', 'COMPLETED', '演示入库', 1, NOW(), NOW()),
(1023, 'DEMO-IB-202504-024', 1023, 'PURCHASE', '天猫旗舰店', 'PO73335', '2020-05-17', '赵敏', NULL, 'SCRAPPED', 'COMPLETED', '演示入库', 1, NOW(), NOW()),
(1024, 'DEMO-IB-202407-025', 1024, 'PURCHASE', '当地供应商', 'PO57049', '2023-10-15', '杨光', NULL, 'IN_USE', 'COMPLETED', '演示入库', 1, NOW(), NOW()),
(1025, 'DEMO-IB-202512-026', 1025, 'PURCHASE', '京东自营', 'PO12875', '2021-12-10', '许慧', NULL, 'IN_USE', 'COMPLETED', '演示入库', 1, NOW(), NOW()),
(1026, 'DEMO-IB-202505-027', 1026, 'PURCHASE', '联想代理商', 'PO84177', '2023-06-19', '许慧', NULL, 'IDLE', 'COMPLETED', '演示入库', 1, NOW(), NOW()),
(1027, 'DEMO-IB-202601-028', 1027, 'PURCHASE', '当地供应商', 'PO75107', '2017-08-27', '吴昊', NULL, 'IDLE', 'COMPLETED', '演示入库', 1, NOW(), NOW()),
(1028, 'DEMO-IB-202410-029', 1028, 'PURCHASE', '京东自营', 'PO38705', '2023-02-10', '秦刚', NULL, 'IN_USE', 'COMPLETED', '演示入库', 1, NOW(), NOW()),
(1029, 'DEMO-IB-202410-030', 1029, 'PURCHASE', '京东自营', 'PO98835', '2018-01-19', '沈月', NULL, 'TRANSFERRING', 'COMPLETED', '演示入库', 1, NOW(), NOW());

-- 领用单(20)
INSERT INTO asset_receive_order (id, order_code, asset_id, receiver, receiver_department, receive_date, usage_purpose, before_status, after_status, status, remark, created_by, created_at, updated_at) VALUES
(1000, 'DEMO-RC-202611-001', 1030, '陈静', '图书馆', '2026-03-31', '日常办公使用', 'IDLE', 'IN_USE', 'COMPLETED', '演示领用', 1, NOW(), NOW()),
(1001, 'DEMO-RC-202602-002', 1031, '朱琳', '资产管理部', '2025-07-23', '日常办公使用', 'IDLE', 'IN_USE', 'COMPLETED', '演示领用', 1, NOW(), NOW()),
(1002, 'DEMO-RC-202601-003', 1032, '杨光', '资产管理部', '2026-01-02', '日常办公使用', 'IDLE', 'IN_USE', 'COMPLETED', '演示领用', 1, NOW(), NOW()),
(1003, 'DEMO-RC-202501-004', 1033, '何琳', '资产管理部', '2025-08-17', '日常办公使用', 'IDLE', 'IN_USE', 'COMPLETED', '演示领用', 1, NOW(), NOW()),
(1004, 'DEMO-RC-202512-005', 1034, '孙磊', '综合办公室', '2026-04-03', '日常办公使用', 'IDLE', 'IN_USE', 'COMPLETED', '演示领用', 1, NOW(), NOW()),
(1005, 'DEMO-RC-202405-006', 1035, '周芳', '实验实训中心', '2025-12-24', '日常办公使用', 'IDLE', 'IN_USE', 'COMPLETED', '演示领用', 1, NOW(), NOW()),
(1006, 'DEMO-RC-202607-007', 1036, '张伟', '资产管理部', '2026-03-12', '日常办公使用', 'IDLE', 'IN_USE', 'COMPLETED', '演示领用', 1, NOW(), NOW()),
(1007, 'DEMO-RC-202403-008', 1037, '韩梅', '资产管理部', '2025-09-06', '日常办公使用', 'IDLE', 'IN_USE', 'COMPLETED', '演示领用', 1, NOW(), NOW()),
(1008, 'DEMO-RC-202509-009', 1038, '刘佳', '资产管理部', '2025-09-26', '日常办公使用', 'IDLE', 'IN_USE', 'COMPLETED', '演示领用', 1, NOW(), NOW()),
(1009, 'DEMO-RC-202503-010', 1039, '胡军', '图书馆', '2026-01-29', '日常办公使用', 'IDLE', 'IN_USE', 'COMPLETED', '演示领用', 1, NOW(), NOW()),
(1010, 'DEMO-RC-202505-011', 1040, '张伟', '图书馆', '2025-12-18', '日常办公使用', 'IDLE', 'IN_USE', 'COMPLETED', '演示领用', 1, NOW(), NOW()),
(1011, 'DEMO-RC-202408-012', 1041, '周芳', '资产管理部', '2026-05-02', '日常办公使用', 'IDLE', 'IN_USE', 'COMPLETED', '演示领用', 1, NOW(), NOW()),
(1012, 'DEMO-RC-202404-013', 1042, '周芳', '图书馆', '2025-06-28', '日常办公使用', 'IDLE', 'IN_USE', 'COMPLETED', '演示领用', 1, NOW(), NOW()),
(1013, 'DEMO-RC-202611-014', 1043, '孙磊', '教务部', '2025-11-18', '日常办公使用', 'IDLE', 'IN_USE', 'COMPLETED', '演示领用', 1, NOW(), NOW()),
(1014, 'DEMO-RC-202606-015', 1044, '钱坤', '后勤保障部', '2026-04-24', '日常办公使用', 'IDLE', 'IN_USE', 'COMPLETED', '演示领用', 1, NOW(), NOW()),
(1015, 'DEMO-RC-202501-016', 1045, '李娜', '综合办公室', '2026-01-25', '日常办公使用', 'IDLE', 'IN_USE', 'COMPLETED', '演示领用', 1, NOW(), NOW()),
(1016, 'DEMO-RC-202602-017', 1046, '陈静', '综合办公室', '2025-10-20', '日常办公使用', 'IDLE', 'IN_USE', 'COMPLETED', '演示领用', 1, NOW(), NOW()),
(1017, 'DEMO-RC-202511-018', 1047, '张伟', '图书馆', '2025-06-30', '日常办公使用', 'IDLE', 'IN_USE', 'COMPLETED', '演示领用', 1, NOW(), NOW()),
(1018, 'DEMO-RC-202510-019', 1048, '韩梅', '财务部', '2025-11-26', '日常办公使用', 'IDLE', 'IN_USE', 'COMPLETED', '演示领用', 1, NOW(), NOW()),
(1019, 'DEMO-RC-202606-020', 1049, '何琳', '财务部', '2026-04-15', '日常办公使用', 'IDLE', 'IN_USE', 'COMPLETED', '演示领用', 1, NOW(), NOW());

-- 调拨单(12)
INSERT INTO asset_transfer_order (id, order_code, asset_id, from_department, to_department, from_location, to_location, from_keeper, to_keeper, transfer_date, before_status, after_status, status, remark, created_by, created_at, updated_at) VALUES
(1000, 'DEMO-TF-202501-001', 1050, '信息中心', '审计部', 'B座2层财务室', '教学楼5层', '蒋雪', '韩梅', '2026-01-13', 'IN_USE', 'TRANSFERRING', 'COMPLETED', '演示调拨', 1, NOW(), NOW()),
(1001, 'DEMO-TF-202411-002', 1051, '教务部', '保卫处', '一号车间', 'A座3层机房', '韩梅', '秦刚', '2025-11-04', 'IN_USE', 'TRANSFERRING', 'COMPLETED', '演示调拨', 1, NOW(), NOW()),
(1002, 'DEMO-TF-202607-003', 1052, '财务部', '综合办公室', '一号车间', 'A座4层研发室', '陈静', '周芳', '2026-06-06', 'IN_USE', 'TRANSFERRING', 'COMPLETED', '演示调拨', 1, NOW(), NOW()),
(1003, 'DEMO-TF-202508-004', 1053, '实验实训中心', '信息中心', '仓库A区', 'A座4层研发室', '许慧', '赵敏', '2026-03-01', 'IN_USE', 'TRANSFERRING', 'COMPLETED', '演示调拨', 1, NOW(), NOW()),
(1004, 'DEMO-TF-202407-005', 1054, '资产管理部', '图书馆', 'A座2层文印室', '二号车间', '彭超', '蒋雪', '2025-09-26', 'IN_USE', 'TRANSFERRING', 'COMPLETED', '演示调拨', 1, NOW(), NOW()),
(1005, 'DEMO-TF-202612-006', 1055, '后勤保障部', '实验实训中心', 'B座4层人资室', '仓库A区', '蒋雪', '周芳', '2025-11-29', 'IN_USE', 'TRANSFERRING', 'COMPLETED', '演示调拨', 1, NOW(), NOW()),
(1006, 'DEMO-TF-202510-007', 1056, '审计部', '资产管理部', '保卫处监控室', '一号车间', '张伟', '钱坤', '2026-06-13', 'IN_USE', 'TRANSFERRING', 'COMPLETED', '演示调拨', 1, NOW(), NOW()),
(1007, 'DEMO-TF-202408-008', 1057, '资产管理部', '教务部', '数据中心1机柜', '二号车间', '钱坤', '刘佳', '2025-12-26', 'IN_USE', 'TRANSFERRING', 'COMPLETED', '演示调拨', 1, NOW(), NOW()),
(1008, 'DEMO-TF-202606-009', 1058, '图书馆', '资产管理部', 'A座1层大厅', '图书馆1层', '郑洁', '秦刚', '2025-12-28', 'IN_USE', 'TRANSFERRING', 'COMPLETED', '演示调拨', 1, NOW(), NOW()),
(1009, 'DEMO-TF-202505-010', 1059, '财务部', '信息中心', '实验楼3层', 'B座2层财务室', '赵敏', '高峰', '2026-05-14', 'IN_USE', 'TRANSFERRING', 'COMPLETED', '演示调拨', 1, NOW(), NOW()),
(1010, 'DEMO-TF-202611-011', 1060, '实验实训中心', '审计部', '仓库A区', '教学楼5层', '蒋雪', '张伟', '2026-06-04', 'IN_USE', 'TRANSFERRING', 'COMPLETED', '演示调拨', 1, NOW(), NOW()),
(1011, 'DEMO-TF-202403-012', 1061, '图书馆', '教务部', '数据中心2机柜', '实验楼3层', '赵敏', '孙磊', '2026-05-25', 'IN_USE', 'TRANSFERRING', 'COMPLETED', '演示调拨', 1, NOW(), NOW());

-- 维修单(12)
INSERT INTO asset_repair_order (id, order_code, asset_id, fault_description, repair_vendor, repair_cost, repair_start_date, repair_end_date, repair_result, before_status, after_status, status, remark, created_by, created_at, updated_at) VALUES
(1000, 'DEMO-RP-202604-001', 1062, '屏幕闪烁', '官方售后', 1777.09, '2026-04-18', NULL, NULL, 'IN_USE', 'REPAIRING', 'DRAFT', '演示维修', 1, NOW(), NOW()),
(1001, 'DEMO-RP-202410-002', 1063, '电源故障', '官方售后', 4940.13, '2026-05-25', NULL, NULL, 'IN_USE', 'REPAIRING', 'DRAFT', '演示维修', 1, NOW(), NOW()),
(1002, 'DEMO-RP-202605-003', 1064, '无法开机', '厂商上门', 4358.95, '2026-05-14', NULL, NULL, 'IN_USE', 'REPAIRING', 'DRAFT', '演示维修', 1, NOW(), NOW()),
(1003, 'DEMO-RP-202401-004', 1065, '屏幕闪烁', '厂商上门', 1754.1, '2026-05-03', NULL, NULL, 'IN_USE', 'REPAIRING', 'DRAFT', '演示维修', 1, NOW(), NOW()),
(1004, 'DEMO-RP-202405-005', 1066, '屏幕闪烁', '厂商上门', 2220.61, '2026-05-22', NULL, NULL, 'IN_USE', 'REPAIRING', 'DRAFT', '演示维修', 1, NOW(), NOW()),
(1005, 'DEMO-RP-202412-006', 1067, '网络不通', '本地维修店', 2663.54, '2026-07-02', '2026-07-05', '已修复', 'IN_USE', 'REPAIRING', 'COMPLETED', '演示维修', 1, NOW(), NOW()),
(1006, 'DEMO-RP-202408-007', 1068, '硬盘损坏', '官方售后', 3690.77, '2026-06-18', '2026-07-07', '已修复', 'IN_USE', 'REPAIRING', 'COMPLETED', '演示维修', 1, NOW(), NOW()),
(1007, 'DEMO-RP-202609-008', 1069, '散热异常', '官方售后', 491.96, '2026-06-25', '2026-07-05', '已修复', 'IN_USE', 'REPAIRING', 'COMPLETED', '演示维修', 1, NOW(), NOW()),
(1008, 'DEMO-RP-202507-009', 1070, '网络不通', '厂商上门', 4566.56, '2026-06-21', '2026-07-08', '已修复', 'IN_USE', 'REPAIRING', 'COMPLETED', '演示维修', 1, NOW(), NOW()),
(1009, 'DEMO-RP-202402-010', 1071, '无法开机', '官方售后', 1520.08, '2026-06-24', '2026-07-07', '已修复', 'IN_USE', 'REPAIRING', 'COMPLETED', '演示维修', 1, NOW(), NOW()),
(1010, 'DEMO-RP-202610-011', 1072, '网络不通', '厂商上门', 2746.67, '2026-06-17', '2026-07-06', '已修复', 'IN_USE', 'REPAIRING', 'COMPLETED', '演示维修', 1, NOW(), NOW()),
(1011, 'DEMO-RP-202509-012', 1073, '无法开机', '厂商上门', 749.19, '2026-06-15', '2026-07-05', '已修复', 'IN_USE', 'REPAIRING', 'COMPLETED', '演示维修', 1, NOW(), NOW());

-- 报废单(10)
INSERT INTO asset_scrap_order (id, order_code, asset_id, scrap_reason, scrap_date, disposal_method, residual_value, before_status, after_status, status, remark, created_by, created_at, updated_at) VALUES
(1000, 'DEMO-SP-202611-001', 1074, '达到使用年限', '2025-12-27', '报废处理', 87.6, 'WAITING_SCRAP', 'SCRAPPED', 'COMPLETED', '演示报废', 1, NOW(), NOW()),
(1001, 'DEMO-SP-202407-002', 1075, '损坏严重', '2026-05-02', '报废处理', 101.83, 'WAITING_SCRAP', 'SCRAPPED', 'COMPLETED', '演示报废', 1, NOW(), NOW()),
(1002, 'DEMO-SP-202506-003', 1076, '损坏严重', '2026-03-19', '报废处理', 518.97, 'WAITING_SCRAP', 'SCRAPPED', 'COMPLETED', '演示报废', 1, NOW(), NOW()),
(1003, 'DEMO-SP-202512-004', 1077, '设备老化无法维修', '2026-04-10', '报废处理', 651.42, 'WAITING_SCRAP', 'SCRAPPED', 'COMPLETED', '演示报废', 1, NOW(), NOW()),
(1004, 'DEMO-SP-202506-005', 1078, '维修成本过高', '2026-03-26', '报废处理', 149.2, 'WAITING_SCRAP', 'SCRAPPED', 'COMPLETED', '演示报废', 1, NOW(), NOW()),
(1005, 'DEMO-SP-202411-006', 1079, '损坏严重', '2026-06-12', '报废处理', 1086.02, 'WAITING_SCRAP', 'SCRAPPED', 'COMPLETED', '演示报废', 1, NOW(), NOW()),
(1006, 'DEMO-SP-202402-007', 1080, '设备老化无法维修', '2026-03-11', '报废处理', 2873.0, 'WAITING_SCRAP', 'SCRAPPED', 'COMPLETED', '演示报废', 1, NOW(), NOW()),
(1007, 'DEMO-SP-202412-008', 1081, '维修成本过高', '2026-05-27', '报废处理', 194.7, 'WAITING_SCRAP', 'SCRAPPED', 'COMPLETED', '演示报废', 1, NOW(), NOW()),
(1008, 'DEMO-SP-202601-009', 1082, '达到使用年限', '2026-02-06', '报废处理', 12119.99, 'WAITING_SCRAP', 'SCRAPPED', 'COMPLETED', '演示报废', 1, NOW(), NOW()),
(1009, 'DEMO-SP-202606-010', 1083, '设备老化无法维修', '2026-03-16', '报废处理', 85.34, 'WAITING_SCRAP', 'SCRAPPED', 'COMPLETED', '演示报废', 1, NOW(), NOW());

-- 审批实例(20)
INSERT INTO approval_instance (id, business_type, business_id, flow_id, current_node_id, status, started_by, started_at, completed_at, created_at, updated_at) VALUES
(1000, 'RECEIVE', 1000, 1, 1, 'APPROVING', 1, '2026-03-30 02:12:00', NULL, NOW(), NOW()),
(1001, 'RECEIVE', 1001, 1, 1, 'APPROVING', 1, '2026-03-12 00:57:00', NULL, NOW(), NOW()),
(1002, 'RECEIVE', 1002, 1, 1, 'APPROVING', 1, '2026-04-16 04:41:00', NULL, NOW(), NOW()),
(1003, 'RECEIVE', 1003, 1, 1, 'APPROVING', 1, '2026-03-30 20:24:00', NULL, NOW(), NOW()),
(1004, 'RECEIVE', 1004, 1, 1, 'APPROVING', 1, '2026-02-19 17:51:00', NULL, NOW(), NOW()),
(1005, 'RECEIVE', 1005, 1, 1, 'APPROVED', 1, '2026-06-01 12:06:00', '2026-04-10 08:46:00', NOW(), NOW()),
(1006, 'RECEIVE', 1006, 1, 1, 'APPROVED', 1, '2026-04-18 05:46:00', '2026-04-23 12:53:00', NOW(), NOW()),
(1007, 'RECEIVE', 1007, 1, 1, 'APPROVED', 1, '2026-06-22 04:01:00', '2026-05-10 06:11:00', NOW(), NOW()),
(1008, 'RECEIVE', 1008, 1, 1, 'APPROVED', 1, '2026-06-21 18:43:00', '2026-04-10 01:43:00', NOW(), NOW()),
(1009, 'RECEIVE', 1009, 1, 1, 'APPROVED', 1, '2026-04-03 13:00:00', '2026-04-05 14:02:00', NOW(), NOW()),
(1010, 'RECEIVE', 1010, 1, 1, 'REJECTED', 1, '2026-03-18 21:51:00', '2026-06-10 19:24:00', NOW(), NOW()),
(1011, 'RECEIVE', 1011, 1, 1, 'REJECTED', 1, '2026-06-05 00:27:00', '2026-03-31 03:59:00', NOW(), NOW()),
(1012, 'RECEIVE', 1012, 1, 1, 'REJECTED', 1, '2026-03-04 13:50:00', '2026-06-06 11:34:00', NOW(), NOW()),
(1013, 'RECEIVE', 1013, 1, 1, 'REJECTED', 1, '2026-04-06 05:22:00', '2026-05-17 14:14:00', NOW(), NOW()),
(1014, 'RECEIVE', 1014, 1, 1, 'REJECTED', 1, '2026-05-19 04:57:00', '2026-06-23 22:51:00', NOW(), NOW()),
(1015, 'RECEIVE', 1015, 1, 1, 'APPROVED', 1, '2026-03-12 08:22:00', '2026-04-29 15:32:00', NOW(), NOW()),
(1016, 'RECEIVE', 1016, 1, 1, 'APPROVED', 1, '2026-05-04 07:53:00', '2026-01-26 10:43:00', NOW(), NOW()),
(1017, 'RECEIVE', 1017, 1, 1, 'APPROVED', 1, '2026-04-17 02:17:00', '2026-02-20 10:53:00', NOW(), NOW()),
(1018, 'RECEIVE', 1018, 1, 1, 'APPROVED', 1, '2026-04-11 22:46:00', '2026-01-15 07:18:00', NOW(), NOW()),
(1019, 'RECEIVE', 1019, 1, 1, 'APPROVED', 1, '2026-06-27 17:41:00', '2026-02-07 04:57:00', NOW(), NOW());

-- 审批记录
INSERT INTO approval_record (id, instance_id, node_id, approver_id, approver_name, action, comment, status, approved_at, created_at) VALUES
(1000, 1000, 1, 1, '系统管理员', 'SUBMIT', '提交领用审批', 'APPROVING', NULL, NOW()),
(1001, 1001, 1, 1, '系统管理员', 'SUBMIT', '提交领用审批', 'APPROVING', NULL, NOW()),
(1002, 1002, 1, 1, '系统管理员', 'SUBMIT', '提交领用审批', 'APPROVING', NULL, NOW()),
(1003, 1003, 1, 1, '系统管理员', 'SUBMIT', '提交领用审批', 'APPROVING', NULL, NOW()),
(1004, 1004, 1, 1, '系统管理员', 'SUBMIT', '提交领用审批', 'APPROVING', NULL, NOW()),
(1005, 1005, 1, 1, '系统管理员', 'SUBMIT', '提交领用审批', 'APPROVING', NULL, NOW()),
(1006, 1005, 1, 2, '资产管理员', 'APPROVED', '符合领用标准，批准', 'APPROVED', '2026-06-16 15:42:00', NOW()),
(1007, 1006, 1, 1, '系统管理员', 'SUBMIT', '提交领用审批', 'APPROVING', NULL, NOW()),
(1008, 1006, 1, 2, '资产管理员', 'APPROVED', '审批通过', 'APPROVED', '2026-06-18 23:29:00', NOW()),
(1009, 1007, 1, 1, '系统管理员', 'SUBMIT', '提交领用审批', 'APPROVING', NULL, NOW()),
(1010, 1007, 1, 2, '资产管理员', 'APPROVED', '同意', 'APPROVED', '2026-06-11 19:36:00', NOW()),
(1011, 1008, 1, 1, '系统管理员', 'SUBMIT', '提交领用审批', 'APPROVING', NULL, NOW()),
(1012, 1008, 1, 2, '资产管理员', 'APPROVED', '符合领用标准，批准', 'APPROVED', '2026-04-30 06:07:00', NOW()),
(1013, 1009, 1, 1, '系统管理员', 'SUBMIT', '提交领用审批', 'APPROVING', NULL, NOW()),
(1014, 1009, 1, 2, '资产管理员', 'APPROVED', '审批通过', 'APPROVED', '2026-06-24 11:05:00', NOW()),
(1015, 1010, 1, 1, '系统管理员', 'SUBMIT', '提交领用审批', 'APPROVING', NULL, NOW()),
(1016, 1010, 1, 2, '资产管理员', 'REJECTED', '不符合领用条件', 'REJECTED', '2026-06-28 10:59:00', NOW()),
(1017, 1011, 1, 1, '系统管理员', 'SUBMIT', '提交领用审批', 'APPROVING', NULL, NOW()),
(1018, 1011, 1, 2, '资产管理员', 'REJECTED', '维修费用过高，建议重新评估', 'REJECTED', '2026-06-24 13:24:00', NOW()),
(1019, 1012, 1, 1, '系统管理员', 'SUBMIT', '提交领用审批', 'APPROVING', NULL, NOW());
INSERT INTO approval_record (id, instance_id, node_id, approver_id, approver_name, action, comment, status, approved_at, created_at) VALUES
(1020, 1012, 1, 2, '资产管理员', 'REJECTED', '维修费用过高，建议重新评估', 'REJECTED', '2026-04-21 11:15:00', NOW()),
(1021, 1013, 1, 1, '系统管理员', 'SUBMIT', '提交领用审批', 'APPROVING', NULL, NOW()),
(1022, 1013, 1, 2, '资产管理员', 'REJECTED', '不符合领用条件', 'REJECTED', '2026-05-11 14:53:00', NOW()),
(1023, 1014, 1, 1, '系统管理员', 'SUBMIT', '提交领用审批', 'APPROVING', NULL, NOW()),
(1024, 1014, 1, 2, '资产管理员', 'REJECTED', '维修费用过高，建议重新评估', 'REJECTED', '2026-07-01 13:50:00', NOW()),
(1025, 1015, 1, 1, '系统管理员', 'SUBMIT', '提交领用审批', 'APPROVING', NULL, NOW()),
(1026, 1015, 1, 2, '资产管理员', 'APPROVED', '同意', 'APPROVED', '2026-02-16 21:33:00', NOW()),
(1027, 1016, 1, 1, '系统管理员', 'SUBMIT', '提交领用审批', 'APPROVING', NULL, NOW()),
(1028, 1016, 1, 2, '资产管理员', 'APPROVED', '资产用途明确，同意领用', 'APPROVED', '2026-03-18 10:23:00', NOW()),
(1029, 1017, 1, 1, '系统管理员', 'SUBMIT', '提交领用审批', 'APPROVING', NULL, NOW()),
(1030, 1017, 1, 2, '资产管理员', 'APPROVED', '同意', 'APPROVED', '2026-01-05 21:35:00', NOW()),
(1031, 1018, 1, 1, '系统管理员', 'SUBMIT', '提交领用审批', 'APPROVING', NULL, NOW()),
(1032, 1018, 1, 2, '资产管理员', 'APPROVED', '审批通过', 'APPROVED', '2026-02-22 16:39:00', NOW()),
(1033, 1019, 1, 1, '系统管理员', 'SUBMIT', '提交领用审批', 'APPROVING', NULL, NOW()),
(1034, 1019, 1, 2, '资产管理员', 'APPROVED', '符合领用标准，批准', 'APPROVED', '2026-04-30 07:20:00', NOW());

-- 盘点任务(4)
INSERT INTO inventory_task (id, task_code, task_name, scope_type, department, location, status, start_time, end_time, created_by, created_at, updated_at) VALUES
(1000, 'DEMO-IV-202606-001', '2026年6月信息中心盘点', 'DEPARTMENT', '信息中心', 'A座3层机房', 'COMPLETED', '2026-06-03 07:28:00', '2026-06-07 12:38:00', 1, NOW(), NOW()),
(1001, 'DEMO-IV-202606-002', '2026年6月全单位盘点', 'ALL', NULL, NULL, 'IN_PROGRESS', '2026-06-18 03:08:00', NULL, 1, NOW(), NOW()),
(1002, 'DEMO-IV-202607-001', '2026年7月财务部盘点', 'DEPARTMENT', '财务部', 'B座2层财务室', 'COMPLETED', '2026-06-27 16:54:00', '2026-07-02 15:48:00', 1, NOW(), NOW()),
(1003, 'DEMO-IV-202607-002', '2026年7月实验中心盘点', 'DEPARTMENT', '实验实训中心', '实验楼3层', 'PENDING', NULL, NULL, 1, NOW(), NOW());

-- 盘点明细
INSERT INTO inventory_record (id, task_id, asset_id, expected_location, actual_location, expected_keeper, actual_keeper, result, scanned_at, remark) VALUES
(1000, 1000, 1000, '后勤楼1层', 'A座6层培训室', '周芳', '周芳', 'LOCATION_MISMATCH', '2026-06-04 19:12:00', '演示盘点'),
(1001, 1000, 1001, '教学楼5层', '保卫处监控室', '彭超', '彭超', 'LOCATION_MISMATCH', '2026-06-08 18:11:00', '演示盘点'),
(1002, 1000, 1002, '图书馆1层', '保卫处监控室', '许慧', '许慧', 'LOCATION_MISMATCH', '2026-06-05 09:12:00', '演示盘点'),
(1003, 1000, 1003, '一号车间', '教学楼5层', '吴昊', '吴昊', 'LOCATION_MISMATCH', '2026-06-04 09:17:00', '演示盘点'),
(1004, 1000, 1004, '2号停车位', '教学楼5层', '陈静', '陈静', 'LOCATION_MISMATCH', '2026-06-03 03:21:00', '演示盘点'),
(1005, 1000, 1005, 'B座2层财务室', 'B座2层财务室', '朱琳', '郑洁', 'KEEPER_MISMATCH', '2026-06-03 13:51:00', '演示盘点'),
(1006, 1000, 1006, '教学楼5层', '教学楼5层', '张伟', '严雷', 'KEEPER_MISMATCH', '2026-06-08 08:32:00', '演示盘点'),
(1007, 1000, 1007, 'A座2层文印室', 'A座2层文印室', '刘佳', '许慧', 'KEEPER_MISMATCH', '2026-06-06 15:23:00', '演示盘点'),
(1008, 1000, 1008, '仓库B区', NULL, '王涛', NULL, 'LOST', '2026-06-08 12:28:00', '演示盘点'),
(1009, 1000, 1009, 'A座6层培训室', NULL, '王涛', NULL, 'LOST', '2026-06-06 09:32:00', '演示盘点'),
(1010, 1000, 1010, '仓库B区', '仓库B区', '韩梅', '韩梅', 'NORMAL', '2026-06-08 22:37:00', '演示盘点'),
(1011, 1000, 1011, '后勤楼1层', '后勤楼1层', '许慧', '许慧', 'NORMAL', '2026-06-06 21:19:00', '演示盘点'),
(1012, 1000, 1012, 'B座2层会议室', 'B座2层会议室', '刘佳', '刘佳', 'NORMAL', '2026-06-08 04:22:00', '演示盘点'),
(1013, 1000, 1013, 'B座2层会议室', 'B座2层会议室', '杨光', '杨光', 'NORMAL', '2026-06-04 11:31:00', '演示盘点'),
(1014, 1000, 1014, 'A座2层文印室', 'A座2层文印室', '王涛', '王涛', 'NORMAL', '2026-06-04 06:10:00', '演示盘点'),
(1015, 1000, 1015, '1号停车位', '1号停车位', '许慧', '许慧', 'NORMAL', '2026-06-03 22:32:00', '演示盘点'),
(1016, 1000, 1016, '1号停车位', '1号停车位', '杨光', '杨光', 'NORMAL', '2026-06-04 03:48:00', '演示盘点'),
(1017, 1000, 1017, 'A座4层研发室', 'A座4层研发室', '赵敏', '赵敏', 'NORMAL', '2026-06-06 04:30:00', '演示盘点'),
(1018, 1000, 1018, 'A座2层文印室', 'A座2层文印室', '沈月', '沈月', 'NORMAL', '2026-06-04 19:57:00', '演示盘点'),
(1019, 1000, 1019, '仓库A区', '仓库A区', '彭超', '彭超', 'NORMAL', '2026-06-05 20:09:00', '演示盘点');
INSERT INTO inventory_record (id, task_id, asset_id, expected_location, actual_location, expected_keeper, actual_keeper, result, scanned_at, remark) VALUES
(1020, 1000, 1020, 'B座2层财务室', 'B座2层财务室', '孙磊', '孙磊', 'NORMAL', '2026-06-06 01:55:00', '演示盘点'),
(1021, 1000, 1021, '二号车间', '二号车间', '钱坤', '钱坤', 'NORMAL', '2026-06-04 03:49:00', '演示盘点'),
(1022, 1000, 1022, 'A座4层研发室', 'A座4层研发室', '韩梅', '韩梅', 'NORMAL', '2026-06-08 16:15:00', '演示盘点'),
(1023, 1000, 1023, 'A座3层机房', 'A座3层机房', '高峰', '高峰', 'NORMAL', '2026-06-04 07:21:00', '演示盘点'),
(1024, 1000, 1024, '1号停车位', '1号停车位', '何琳', '何琳', 'NORMAL', '2026-06-07 12:37:00', '演示盘点'),
(1025, 1000, 1025, '数据中心2机柜', '数据中心2机柜', '陈静', '陈静', 'NORMAL', '2026-06-06 11:34:00', '演示盘点'),
(1026, 1000, 1026, '一号车间', '一号车间', '吴昊', '吴昊', 'NORMAL', '2026-06-06 02:22:00', '演示盘点'),
(1027, 1000, 1027, '门卫室', '门卫室', '许慧', '许慧', 'NORMAL', '2026-06-08 03:19:00', '演示盘点'),
(1028, 1000, 1028, '实验楼3层', '实验楼3层', '李娜', '李娜', 'NORMAL', '2026-06-06 21:39:00', '演示盘点'),
(1029, 1000, 1029, 'A座2层文印室', 'A座2层文印室', '李娜', '李娜', 'NORMAL', '2026-06-08 06:17:00', '演示盘点'),
(1030, 1001, 1030, 'A座2层文印室', 'A座2层文印室', '陈静', '陈静', 'LOCATION_MISMATCH', '2026-06-24 15:14:00', '演示盘点'),
(1031, 1001, 1031, 'A座3层机房', 'A座3层机房', '朱琳', '朱琳', 'EXTRA', '2026-06-29 13:55:00', '演示盘点'),
(1032, 1001, 1032, 'B座2层会议室', 'B座2层会议室', '杨光', '杨光', 'EXTRA', '2026-06-29 12:41:00', '演示盘点'),
(1033, 1001, 1033, '保卫处监控室', '保卫处监控室', '何琳', '何琳', 'LOCATION_MISMATCH', '2026-06-29 04:15:00', '演示盘点'),
(1034, 1001, 1034, '保卫处监控室', '保卫处监控室', '孙磊', '孙磊', 'NORMAL', '2026-06-24 06:36:00', '演示盘点'),
(1035, 1001, 1035, '保卫处监控室', '保卫处监控室', '周芳', '周芳', 'NORMAL', '2026-06-29 02:16:00', '演示盘点'),
(1036, 1001, 1036, '二号车间', '二号车间', '张伟', '张伟', 'EXTRA', '2026-07-01 03:18:00', '演示盘点'),
(1037, 1001, 1037, 'B座2层财务室', 'B座2层财务室', '韩梅', '韩梅', 'LOCATION_MISMATCH', '2026-06-22 23:37:00', '演示盘点'),
(1038, 1001, 1038, '数据中心1机柜', '数据中心1机柜', '刘佳', '刘佳', 'NORMAL', '2026-06-28 17:39:00', '演示盘点'),
(1039, 1001, 1039, 'B座4层人资室', 'B座4层人资室', '胡军', '胡军', 'LOCATION_MISMATCH', '2026-06-27 16:52:00', '演示盘点');
INSERT INTO inventory_record (id, task_id, asset_id, expected_location, actual_location, expected_keeper, actual_keeper, result, scanned_at, remark) VALUES
(1040, 1001, 1040, '保卫处监控室', '保卫处监控室', '张伟', '张伟', 'NORMAL', '2026-07-01 14:06:00', '演示盘点'),
(1041, 1001, 1041, 'B座3层培训室', 'B座3层培训室', '周芳', '周芳', 'NORMAL', '2026-07-02 02:39:00', '演示盘点'),
(1042, 1001, 1042, 'B座3层培训室', 'B座3层培训室', '周芳', '周芳', 'EXTRA', '2026-06-29 04:36:00', '演示盘点'),
(1043, 1001, 1043, '保卫处监控室', '保卫处监控室', '孙磊', '孙磊', 'NORMAL', '2026-06-28 18:07:00', '演示盘点'),
(1044, 1001, 1044, 'A座2层文印室', 'A座2层文印室', '钱坤', '钱坤', 'EXTRA', '2026-06-28 00:32:00', '演示盘点'),
(1045, 1001, 1045, 'A座1层大厅', 'A座1层大厅', '李娜', '李娜', 'NORMAL', '2026-06-20 12:17:00', '演示盘点'),
(1046, 1001, 1046, '仓库A区', '仓库A区', '陈静', '陈静', 'NORMAL', '2026-06-19 04:42:00', '演示盘点'),
(1047, 1001, 1047, 'A座4层研发室', 'A座4层研发室', '张伟', '张伟', 'LOCATION_MISMATCH', '2026-06-26 06:45:00', '演示盘点'),
(1048, 1001, 1048, 'A座2层文印室', 'A座2层文印室', '韩梅', '韩梅', 'NORMAL', '2026-06-18 17:37:00', '演示盘点'),
(1049, 1001, 1049, 'A座5层办公室', 'A座5层办公室', '何琳', '何琳', 'EXTRA', '2026-06-19 09:11:00', '演示盘点'),
(1050, 1001, 1050, 'B座2层财务室', 'B座2层财务室', '蒋雪', '蒋雪', 'NORMAL', '2026-06-21 07:27:00', '演示盘点'),
(1051, 1001, 1051, '一号车间', '一号车间', '韩梅', '韩梅', 'LOCATION_MISMATCH', '2026-06-28 17:09:00', '演示盘点'),
(1052, 1001, 1052, '一号车间', '一号车间', '陈静', '陈静', 'EXTRA', '2026-06-29 15:57:00', '演示盘点'),
(1053, 1001, 1053, '仓库A区', '仓库A区', '许慧', '许慧', 'LOCATION_MISMATCH', '2026-06-22 06:01:00', '演示盘点'),
(1054, 1001, 1054, 'A座2层文印室', 'A座2层文印室', '彭超', '彭超', 'NORMAL', '2026-06-30 14:55:00', '演示盘点'),
(1055, 1001, 1055, 'B座4层人资室', 'B座4层人资室', '蒋雪', '蒋雪', 'NORMAL', '2026-06-25 09:03:00', '演示盘点'),
(1056, 1001, 1056, '保卫处监控室', '保卫处监控室', '张伟', '张伟', 'EXTRA', '2026-06-29 10:55:00', '演示盘点'),
(1057, 1001, 1057, '数据中心1机柜', '数据中心1机柜', '钱坤', '钱坤', 'NORMAL', '2026-06-19 12:01:00', '演示盘点'),
(1058, 1001, 1058, 'A座1层大厅', 'A座1层大厅', '郑洁', '郑洁', 'NORMAL', '2026-06-20 22:35:00', '演示盘点'),
(1059, 1001, 1059, '实验楼3层', '实验楼3层', '蒋雪', '刘佳', 'EXTRA', '2026-06-21 21:37:00', '演示盘点');
INSERT INTO inventory_record (id, task_id, asset_id, expected_location, actual_location, expected_keeper, actual_keeper, result, scanned_at, remark) VALUES
(1060, 1002, 1060, '仓库A区', '仓库A区', '蒋雪', '蒋雪', 'KEEPER_MISMATCH', '2026-06-30 23:40:00', '演示盘点'),
(1061, 1002, 1061, '数据中心2机柜', '数据中心2机柜', '赵敏', '赵敏', 'KEEPER_MISMATCH', '2026-07-02 01:19:00', '演示盘点'),
(1062, 1002, 1062, '一号车间', '一号车间', '胡军', '胡军', 'KEEPER_MISMATCH', '2026-06-28 19:52:00', '演示盘点'),
(1063, 1002, 1063, '仓库A区', '仓库A区', '许慧', '许慧', 'NORMAL', '2026-07-03 14:02:00', '演示盘点'),
(1064, 1002, 1064, 'A座3层机房', 'A座3层机房', '何琳', '何琳', 'NORMAL', '2026-06-26 01:07:00', '演示盘点'),
(1065, 1002, 1065, 'A座4层研发室', 'A座4层研发室', '许慧', '许慧', 'NORMAL', '2026-07-01 01:30:00', '演示盘点'),
(1066, 1002, 1066, '一号车间', '一号车间', '许慧', '许慧', 'NORMAL', '2026-06-26 05:00:00', '演示盘点'),
(1067, 1002, 1067, 'B座2层财务室', 'B座2层财务室', '周芳', '周芳', 'NORMAL', '2026-07-02 23:44:00', '演示盘点'),
(1068, 1002, 1068, '实验楼3层', '实验楼3层', '朱琳', '朱琳', 'NORMAL', '2026-06-30 19:25:00', '演示盘点'),
(1069, 1002, 1069, 'B座4层人资室', 'B座4层人资室', '吴昊', '吴昊', 'NORMAL', '2026-06-27 20:11:00', '演示盘点'),
(1070, 1002, 1070, 'C座2层办公室', 'C座2层办公室', '秦刚', '秦刚', 'NORMAL', '2026-06-29 16:41:00', '演示盘点'),
(1071, 1002, 1071, '1号停车位', '1号停车位', '马强', '马强', 'NORMAL', '2026-07-02 22:45:00', '演示盘点'),
(1072, 1002, 1072, 'A座3层机房', 'A座3层机房', '许慧', '许慧', 'NORMAL', '2026-06-27 03:10:00', '演示盘点'),
(1073, 1002, 1073, 'A座3层机房', 'A座3层机房', '郑洁', '郑洁', 'NORMAL', '2026-06-26 21:53:00', '演示盘点'),
(1074, 1002, 1074, 'B座2层财务室', 'B座2层财务室', '刘佳', '刘佳', 'NORMAL', '2026-06-26 04:26:00', '演示盘点'),
(1075, 1002, 1075, '教学楼5层', '教学楼5层', '张伟', '秦刚', 'NORMAL', '2026-06-30 01:51:00', '演示盘点'),
(1076, 1002, 1076, '实验楼3层', '实验楼3层', '秦刚', '秦刚', 'NORMAL', '2026-06-29 11:00:00', '演示盘点'),
(1077, 1002, 1077, 'B座2层会议室', 'B座2层会议室', '彭超', '彭超', 'NORMAL', '2026-06-28 16:24:00', '演示盘点'),
(1078, 1002, 1078, '仓库B区', '仓库B区', '何琳', '陈静', 'NORMAL', '2026-07-02 07:37:00', '演示盘点'),
(1079, 1002, 1079, 'A座2层文印室', 'A座2层文印室', '高峰', '高峰', 'NORMAL', '2026-07-02 07:26:00', '演示盘点');
INSERT INTO inventory_record (id, task_id, asset_id, expected_location, actual_location, expected_keeper, actual_keeper, result, scanned_at, remark) VALUES
(1080, 1002, 1080, 'A座5层办公室', 'A座5层办公室', '高峰', '高峰', 'NORMAL', '2026-07-03 11:05:00', '演示盘点'),
(1081, 1002, 1081, 'C座2层办公室', 'C座2层办公室', '朱琳', '朱琳', 'NORMAL', '2026-06-26 22:20:00', '演示盘点'),
(1082, 1002, 1082, '一号车间', '一号车间', '彭超', '蒋雪', 'NORMAL', '2026-06-29 00:59:00', '演示盘点'),
(1083, 1002, 1083, '1号停车位', '1号停车位', '沈月', '沈月', 'NORMAL', '2026-06-28 21:38:00', '演示盘点'),
(1084, 1002, 1084, '1号停车位', '1号停车位', '马强', '马强', 'NORMAL', '2026-06-30 00:18:00', '演示盘点'),
(1085, 1003, 1085, 'B座4层人资室', NULL, '胡军', NULL, NULL, NULL, '待盘点'),
(1086, 1003, 1086, 'A座3层机房', NULL, '秦刚', NULL, NULL, NULL, '待盘点'),
(1087, 1003, 1087, 'B座2层财务室', NULL, '胡军', NULL, NULL, NULL, '待盘点'),
(1088, 1003, 1088, '一号车间', NULL, '高峰', NULL, NULL, NULL, '待盘点'),
(1089, 1003, 1089, '门卫室', NULL, '杨光', NULL, NULL, NULL, '待盘点'),
(1090, 1003, 1090, '数据中心2机柜', NULL, '赵敏', NULL, NULL, NULL, '待盘点'),
(1091, 1003, 1091, '一号车间', NULL, '彭超', NULL, NULL, NULL, '待盘点'),
(1092, 1003, 1092, '1号停车位', NULL, '刘佳', NULL, NULL, NULL, '待盘点'),
(1093, 1003, 1093, 'C座2层办公室', NULL, '彭超', NULL, NULL, NULL, '待盘点'),
(1094, 1003, 1094, 'A座5层办公室', NULL, '高峰', NULL, NULL, NULL, '待盘点'),
(1095, 1003, 1095, '保卫处监控室', NULL, '杨光', NULL, NULL, NULL, '待盘点'),
(1096, 1003, 1096, '二号车间', NULL, '杨光', NULL, NULL, NULL, '待盘点'),
(1097, 1003, 1097, '二号车间', NULL, '孙磊', NULL, NULL, NULL, '待盘点'),
(1098, 1003, 1098, '仓库B区', NULL, '钱坤', NULL, NULL, NULL, '待盘点'),
(1099, 1003, 1099, 'A座1层大厅', NULL, '严雷', NULL, NULL, NULL, '待盘点');
INSERT INTO inventory_record (id, task_id, asset_id, expected_location, actual_location, expected_keeper, actual_keeper, result, scanned_at, remark) VALUES
(1100, 1003, 1100, 'A座3层机房', NULL, '秦刚', NULL, NULL, NULL, '待盘点'),
(1101, 1003, 1101, 'B座2层会议室', NULL, '沈月', NULL, NULL, NULL, '待盘点'),
(1102, 1003, 1102, 'A座5层办公室', NULL, '刘佳', NULL, NULL, NULL, '待盘点'),
(1103, 1003, 1103, '门卫室', NULL, '高峰', NULL, NULL, NULL, '待盘点'),
(1104, 1003, 1104, '仓库A区', NULL, '朱琳', NULL, NULL, NULL, '待盘点');

-- 财务同步(6)
INSERT INTO finance_sync_record (id, sync_batch_no, sync_month, total_amount, record_count, asset_count, total_original_value, total_net_value, total_accumulated_depreciation, monthly_depreciation, status, operator_name, remark, created_at) VALUES
(1000, 'DEMO-FS-202607', '2026-07', 16540.07, 102, 114, 1102671.57, 485200.72, 617470.85, 16540.07, 'SUCCESS', '系统管理员', '演示同步成功', '2026-04-08 03:49:00'),
(1001, 'DEMO-FS-202606', '2026-06', 16982.3, 110, 120, 1132153.46, 685411.1, 446742.36, 16982.3, 'SUCCESS', '系统管理员', '演示同步成功', '2026-05-18 19:56:00'),
(1002, 'DEMO-FS-202605', '2026-05', 16296.27, 82, 98, 1086418.02, 742112.1, 344305.92, 16296.27, 'SUCCESS', '系统管理员', '演示同步成功', '2026-05-13 22:10:00'),
(1003, 'DEMO-FS-202604', '2026-04', 13196.82, 99, 112, 879787.93, 362975.67, 516812.26, 13196.82, 'SUCCESS', '系统管理员', '演示同步成功', '2026-03-24 06:30:00'),
(1004, 'DEMO-FS-202603', '2026-03', 13519.88, 92, 98, 901325.51, 564218.3, 337107.21, 13519.88, 'SUCCESS', '系统管理员', '演示同步成功', '2026-04-03 22:05:00'),
(1005, 'DEMO-FS-202602', '2026-02', 15934.39, 103, 107, 1062292.55, 511987.81, 550304.74, 15934.39, 'FAILED', '系统管理员', '同步失败：财务系统接口超时', '2026-03-23 00:32:00');

-- 折旧记录
INSERT INTO depreciation_record (id, asset_id, depreciation_month, original_value, monthly_depreciation, accumulated_depreciation, net_value, created_at) VALUES
(1000, 1000, '2025-07', 2764.29, 43.77, 43.77, 2720.52, NOW()),
(1001, 1000, '2025-08', 2764.29, 43.77, 87.54, 2676.75, NOW()),
(1002, 1000, '2025-09', 2764.29, 43.77, 131.31, 2632.98, NOW()),
(1003, 1000, '2025-10', 2764.29, 43.77, 175.08, 2589.21, NOW()),
(1004, 1000, '2025-11', 2764.29, 43.77, 218.85, 2545.44, NOW()),
(1005, 1000, '2025-12', 2764.29, 43.77, 262.62, 2501.67, NOW()),
(1006, 1000, '2026-01', 2764.29, 43.77, 306.39, 2457.9, NOW()),
(1007, 1000, '2026-02', 2764.29, 43.77, 350.16, 2414.13, NOW()),
(1008, 1000, '2026-03', 2764.29, 43.77, 393.93, 2370.36, NOW()),
(1009, 1000, '2026-04', 2764.29, 43.77, 437.7, 2326.59, NOW()),
(1010, 1000, '2026-05', 2764.29, 43.77, 481.47, 2282.82, NOW()),
(1011, 1000, '2026-06', 2764.29, 43.77, 525.24, 2239.05, NOW()),
(1012, 1001, '2025-07', 25297.03, 400.54, 400.54, 24896.49, NOW()),
(1013, 1001, '2025-08', 25297.03, 400.54, 801.08, 24495.95, NOW()),
(1014, 1001, '2025-09', 25297.03, 400.54, 1201.62, 24095.41, NOW()),
(1015, 1001, '2025-10', 25297.03, 400.54, 1602.16, 23694.87, NOW()),
(1016, 1001, '2025-11', 25297.03, 400.54, 2002.7, 23294.33, NOW()),
(1017, 1001, '2025-12', 25297.03, 400.54, 2403.24, 22893.79, NOW()),
(1018, 1001, '2026-01', 25297.03, 400.54, 2803.78, 22493.25, NOW()),
(1019, 1001, '2026-02', 25297.03, 400.54, 3204.32, 22092.71, NOW());
INSERT INTO depreciation_record (id, asset_id, depreciation_month, original_value, monthly_depreciation, accumulated_depreciation, net_value, created_at) VALUES
(1020, 1001, '2026-03', 25297.03, 400.54, 3604.86, 21692.17, NOW()),
(1021, 1001, '2026-04', 25297.03, 400.54, 4005.4, 21291.63, NOW()),
(1022, 1001, '2026-05', 25297.03, 400.54, 4405.94, 20891.09, NOW()),
(1023, 1001, '2026-06', 25297.03, 400.54, 4806.48, 20490.55, NOW()),
(1024, 1002, '2025-07', 5087.34, 80.55, 80.55, 5006.79, NOW()),
(1025, 1002, '2025-08', 5087.34, 80.55, 161.1, 4926.24, NOW()),
(1026, 1002, '2025-09', 5087.34, 80.55, 241.65, 4845.69, NOW()),
(1027, 1002, '2025-10', 5087.34, 80.55, 322.2, 4765.14, NOW()),
(1028, 1002, '2025-11', 5087.34, 80.55, 402.75, 4684.59, NOW()),
(1029, 1002, '2025-12', 5087.34, 80.55, 483.3, 4604.04, NOW()),
(1030, 1002, '2026-01', 5087.34, 80.55, 563.85, 4523.49, NOW()),
(1031, 1002, '2026-02', 5087.34, 80.55, 644.4, 4442.94, NOW()),
(1032, 1002, '2026-03', 5087.34, 80.55, 724.95, 4362.39, NOW()),
(1033, 1002, '2026-04', 5087.34, 80.55, 805.5, 4281.84, NOW()),
(1034, 1002, '2026-05', 5087.34, 80.55, 886.05, 4201.29, NOW()),
(1035, 1002, '2026-06', 5087.34, 80.55, 966.6, 4120.74, NOW()),
(1036, 1003, '2025-07', 198677.76, 1966.08, 1966.08, 196711.68, NOW()),
(1037, 1003, '2025-08', 198677.76, 1966.08, 3932.16, 194745.6, NOW()),
(1038, 1003, '2025-09', 198677.76, 1966.08, 5898.24, 192779.52, NOW()),
(1039, 1003, '2025-10', 198677.76, 1966.08, 7864.32, 190813.44, NOW());
INSERT INTO depreciation_record (id, asset_id, depreciation_month, original_value, monthly_depreciation, accumulated_depreciation, net_value, created_at) VALUES
(1040, 1003, '2025-11', 198677.76, 1966.08, 9830.4, 188847.36, NOW()),
(1041, 1003, '2025-12', 198677.76, 1966.08, 11796.48, 186881.28, NOW()),
(1042, 1003, '2026-01', 198677.76, 1966.08, 13762.56, 184915.2, NOW()),
(1043, 1003, '2026-02', 198677.76, 1966.08, 15728.64, 182949.12, NOW()),
(1044, 1003, '2026-03', 198677.76, 1966.08, 17694.72, 180983.04, NOW()),
(1045, 1003, '2026-04', 198677.76, 1966.08, 19660.8, 179016.96, NOW()),
(1046, 1003, '2026-05', 198677.76, 1966.08, 21626.88, 177050.88, NOW()),
(1047, 1003, '2026-06', 198677.76, 1966.08, 23592.96, 175084.8, NOW()),
(1048, 1004, '2025-07', 20898.41, 330.89, 330.89, 20567.52, NOW()),
(1049, 1004, '2025-08', 20898.41, 330.89, 661.78, 20236.63, NOW()),
(1050, 1004, '2025-09', 20898.41, 330.89, 992.67, 19905.74, NOW()),
(1051, 1004, '2025-10', 20898.41, 330.89, 1323.56, 19574.85, NOW()),
(1052, 1004, '2025-11', 20898.41, 330.89, 1654.45, 19243.96, NOW()),
(1053, 1004, '2025-12', 20898.41, 330.89, 1985.34, 18913.07, NOW()),
(1054, 1004, '2026-01', 20898.41, 330.89, 2316.23, 18582.18, NOW()),
(1055, 1004, '2026-02', 20898.41, 330.89, 2647.12, 18251.29, NOW()),
(1056, 1004, '2026-03', 20898.41, 330.89, 2978.01, 17920.4, NOW()),
(1057, 1004, '2026-04', 20898.41, 330.89, 3308.9, 17589.51, NOW()),
(1058, 1004, '2026-05', 20898.41, 330.89, 3639.79, 17258.62, NOW()),
(1059, 1004, '2026-06', 20898.41, 330.89, 3970.68, 16927.73, NOW());
INSERT INTO depreciation_record (id, asset_id, depreciation_month, original_value, monthly_depreciation, accumulated_depreciation, net_value, created_at) VALUES
(1060, 1005, '2025-07', 290641.08, 2300.91, 2300.91, 288340.17, NOW()),
(1061, 1005, '2025-08', 290641.08, 2300.91, 4601.82, 286039.26, NOW()),
(1062, 1005, '2025-09', 290641.08, 2300.91, 6902.73, 283738.35, NOW()),
(1063, 1005, '2025-10', 290641.08, 2300.91, 9203.64, 281437.44, NOW()),
(1064, 1005, '2025-11', 290641.08, 2300.91, 11504.55, 279136.53, NOW()),
(1065, 1005, '2025-12', 290641.08, 2300.91, 13805.46, 276835.62, NOW()),
(1066, 1005, '2026-01', 290641.08, 2300.91, 16106.37, 274534.71, NOW()),
(1067, 1005, '2026-02', 290641.08, 2300.91, 18407.28, 272233.8, NOW()),
(1068, 1005, '2026-03', 290641.08, 2300.91, 20708.19, 269932.89, NOW()),
(1069, 1005, '2026-04', 290641.08, 2300.91, 23009.1, 267631.98, NOW()),
(1070, 1005, '2026-05', 290641.08, 2300.91, 25310.01, 265331.07, NOW()),
(1071, 1005, '2026-06', 290641.08, 2300.91, 27610.92, 263030.16, NOW()),
(1072, 1006, '2025-07', 2560.87, 40.55, 40.55, 2520.32, NOW()),
(1073, 1006, '2025-08', 2560.87, 40.55, 81.1, 2479.77, NOW()),
(1074, 1006, '2025-09', 2560.87, 40.55, 121.65, 2439.22, NOW()),
(1075, 1006, '2025-10', 2560.87, 40.55, 162.2, 2398.67, NOW()),
(1076, 1006, '2025-11', 2560.87, 40.55, 202.75, 2358.12, NOW()),
(1077, 1006, '2025-12', 2560.87, 40.55, 243.3, 2317.57, NOW()),
(1078, 1006, '2026-01', 2560.87, 40.55, 283.85, 2277.02, NOW()),
(1079, 1006, '2026-02', 2560.87, 40.55, 324.4, 2236.47, NOW());
INSERT INTO depreciation_record (id, asset_id, depreciation_month, original_value, monthly_depreciation, accumulated_depreciation, net_value, created_at) VALUES
(1080, 1006, '2026-03', 2560.87, 40.55, 364.95, 2195.92, NOW()),
(1081, 1006, '2026-04', 2560.87, 40.55, 405.5, 2155.37, NOW()),
(1082, 1006, '2026-05', 2560.87, 40.55, 446.05, 2114.82, NOW()),
(1083, 1006, '2026-06', 2560.87, 40.55, 486.6, 2074.27, NOW()),
(1084, 1007, '2025-07', 14931.63, 236.42, 236.42, 14695.21, NOW()),
(1085, 1007, '2025-08', 14931.63, 236.42, 472.84, 14458.79, NOW()),
(1086, 1007, '2025-09', 14931.63, 236.42, 709.26, 14222.37, NOW()),
(1087, 1007, '2025-10', 14931.63, 236.42, 945.68, 13985.95, NOW()),
(1088, 1007, '2025-11', 14931.63, 236.42, 1182.1, 13749.53, NOW()),
(1089, 1007, '2025-12', 14931.63, 236.42, 1418.52, 13513.11, NOW()),
(1090, 1007, '2026-01', 14931.63, 236.42, 1654.94, 13276.69, NOW()),
(1091, 1007, '2026-02', 14931.63, 236.42, 1891.36, 13040.27, NOW()),
(1092, 1007, '2026-03', 14931.63, 236.42, 2127.78, 12803.85, NOW()),
(1093, 1007, '2026-04', 14931.63, 236.42, 2364.2, 12567.43, NOW()),
(1094, 1007, '2026-05', 14931.63, 236.42, 2600.62, 12331.01, NOW()),
(1095, 1007, '2026-06', 14931.63, 236.42, 2837.04, 12094.59, NOW()),
(1096, 1008, '2025-07', 42560.19, 673.87, 673.87, 41886.32, NOW()),
(1097, 1008, '2025-08', 42560.19, 673.87, 1347.74, 41212.45, NOW()),
(1098, 1008, '2025-09', 42560.19, 673.87, 2021.61, 40538.58, NOW()),
(1099, 1008, '2025-10', 42560.19, 673.87, 2695.48, 39864.71, NOW());
INSERT INTO depreciation_record (id, asset_id, depreciation_month, original_value, monthly_depreciation, accumulated_depreciation, net_value, created_at) VALUES
(1100, 1008, '2025-11', 42560.19, 673.87, 3369.35, 39190.84, NOW()),
(1101, 1008, '2025-12', 42560.19, 673.87, 4043.22, 38516.97, NOW()),
(1102, 1008, '2026-01', 42560.19, 673.87, 4717.09, 37843.1, NOW()),
(1103, 1008, '2026-02', 42560.19, 673.87, 5390.96, 37169.23, NOW()),
(1104, 1008, '2026-03', 42560.19, 673.87, 6064.83, 36495.36, NOW()),
(1105, 1008, '2026-04', 42560.19, 673.87, 6738.7, 35821.49, NOW()),
(1106, 1008, '2026-05', 42560.19, 673.87, 7412.57, 35147.62, NOW()),
(1107, 1008, '2026-06', 42560.19, 673.87, 8086.44, 34473.75, NOW()),
(1108, 1009, '2025-07', 83291.72, 659.39, 659.39, 82632.33, NOW()),
(1109, 1009, '2025-08', 83291.72, 659.39, 1318.78, 81972.94, NOW()),
(1110, 1009, '2025-09', 83291.72, 659.39, 1978.17, 81313.55, NOW()),
(1111, 1009, '2025-10', 83291.72, 659.39, 2637.56, 80654.16, NOW()),
(1112, 1009, '2025-11', 83291.72, 659.39, 3296.95, 79994.77, NOW()),
(1113, 1009, '2025-12', 83291.72, 659.39, 3956.34, 79335.38, NOW()),
(1114, 1009, '2026-01', 83291.72, 659.39, 4615.73, 78675.99, NOW()),
(1115, 1009, '2026-02', 83291.72, 659.39, 5275.12, 78016.6, NOW()),
(1116, 1009, '2026-03', 83291.72, 659.39, 5934.51, 77357.21, NOW()),
(1117, 1009, '2026-04', 83291.72, 659.39, 6593.9, 76697.82, NOW()),
(1118, 1009, '2026-05', 83291.72, 659.39, 7253.29, 76038.43, NOW()),
(1119, 1009, '2026-06', 83291.72, 659.39, 7912.68, 75379.04, NOW());
INSERT INTO depreciation_record (id, asset_id, depreciation_month, original_value, monthly_depreciation, accumulated_depreciation, net_value, created_at) VALUES
(1120, 1010, '2025-07', 70830.21, 1121.48, 1121.48, 69708.73, NOW()),
(1121, 1010, '2025-08', 70830.21, 1121.48, 2242.96, 68587.25, NOW()),
(1122, 1010, '2025-09', 70830.21, 1121.48, 3364.44, 67465.77, NOW()),
(1123, 1010, '2025-10', 70830.21, 1121.48, 4485.92, 66344.29, NOW()),
(1124, 1010, '2025-11', 70830.21, 1121.48, 5607.4, 65222.81, NOW()),
(1125, 1010, '2025-12', 70830.21, 1121.48, 6728.88, 64101.33, NOW()),
(1126, 1010, '2026-01', 70830.21, 1121.48, 7850.36, 62979.85, NOW()),
(1127, 1010, '2026-02', 70830.21, 1121.48, 8971.84, 61858.37, NOW()),
(1128, 1010, '2026-03', 70830.21, 1121.48, 10093.32, 60736.89, NOW()),
(1129, 1010, '2026-04', 70830.21, 1121.48, 11214.8, 59615.41, NOW()),
(1130, 1010, '2026-05', 70830.21, 1121.48, 12336.28, 58493.93, NOW()),
(1131, 1010, '2026-06', 70830.21, 1121.48, 13457.76, 57372.45, NOW()),
(1132, 1011, '2025-07', 129841.4, 1027.91, 1027.91, 128813.49, NOW()),
(1133, 1011, '2025-08', 129841.4, 1027.91, 2055.82, 127785.58, NOW()),
(1134, 1011, '2025-09', 129841.4, 1027.91, 3083.73, 126757.67, NOW()),
(1135, 1011, '2025-10', 129841.4, 1027.91, 4111.64, 125729.76, NOW()),
(1136, 1011, '2025-11', 129841.4, 1027.91, 5139.55, 124701.85, NOW()),
(1137, 1011, '2025-12', 129841.4, 1027.91, 6167.46, 123673.94, NOW()),
(1138, 1011, '2026-01', 129841.4, 1027.91, 7195.37, 122646.03, NOW()),
(1139, 1011, '2026-02', 129841.4, 1027.91, 8223.28, 121618.12, NOW());
INSERT INTO depreciation_record (id, asset_id, depreciation_month, original_value, monthly_depreciation, accumulated_depreciation, net_value, created_at) VALUES
(1140, 1011, '2026-03', 129841.4, 1027.91, 9251.19, 120590.21, NOW()),
(1141, 1011, '2026-04', 129841.4, 1027.91, 10279.1, 119562.3, NOW()),
(1142, 1011, '2026-05', 129841.4, 1027.91, 11307.01, 118534.39, NOW()),
(1143, 1011, '2026-06', 129841.4, 1027.91, 12334.92, 117506.48, NOW()),
(1144, 1012, '2025-07', 38762.0, 613.73, 613.73, 38148.27, NOW()),
(1145, 1012, '2025-08', 38762.0, 613.73, 1227.46, 37534.54, NOW()),
(1146, 1012, '2025-09', 38762.0, 613.73, 1841.19, 36920.81, NOW()),
(1147, 1012, '2025-10', 38762.0, 613.73, 2454.92, 36307.08, NOW()),
(1148, 1012, '2025-11', 38762.0, 613.73, 3068.65, 35693.35, NOW()),
(1149, 1012, '2025-12', 38762.0, 613.73, 3682.38, 35079.62, NOW()),
(1150, 1012, '2026-01', 38762.0, 613.73, 4296.11, 34465.89, NOW()),
(1151, 1012, '2026-02', 38762.0, 613.73, 4909.84, 33852.16, NOW()),
(1152, 1012, '2026-03', 38762.0, 613.73, 5523.57, 33238.43, NOW()),
(1153, 1012, '2026-04', 38762.0, 613.73, 6137.3, 32624.7, NOW()),
(1154, 1012, '2026-05', 38762.0, 613.73, 6751.03, 32010.97, NOW()),
(1155, 1012, '2026-06', 38762.0, 613.73, 7364.76, 31397.24, NOW()),
(1156, 1013, '2025-07', 15690.09, 310.53, 310.53, 15379.56, NOW()),
(1157, 1013, '2025-08', 15690.09, 310.53, 621.06, 15069.03, NOW()),
(1158, 1013, '2025-09', 15690.09, 310.53, 931.59, 14758.5, NOW()),
(1159, 1013, '2025-10', 15690.09, 310.53, 1242.12, 14447.97, NOW());
INSERT INTO depreciation_record (id, asset_id, depreciation_month, original_value, monthly_depreciation, accumulated_depreciation, net_value, created_at) VALUES
(1160, 1013, '2025-11', 15690.09, 310.53, 1552.65, 14137.44, NOW()),
(1161, 1013, '2025-12', 15690.09, 310.53, 1863.18, 13826.91, NOW()),
(1162, 1013, '2026-01', 15690.09, 310.53, 2173.71, 13516.38, NOW()),
(1163, 1013, '2026-02', 15690.09, 310.53, 2484.24, 13205.85, NOW()),
(1164, 1013, '2026-03', 15690.09, 310.53, 2794.77, 12895.32, NOW()),
(1165, 1013, '2026-04', 15690.09, 310.53, 3105.3, 12584.79, NOW()),
(1166, 1013, '2026-05', 15690.09, 310.53, 3415.83, 12274.26, NOW()),
(1167, 1013, '2026-06', 15690.09, 310.53, 3726.36, 11963.73, NOW()),
(1168, 1014, '2025-07', 4663.28, 92.29, 92.29, 4570.99, NOW()),
(1169, 1014, '2025-08', 4663.28, 92.29, 184.58, 4478.7, NOW()),
(1170, 1014, '2025-09', 4663.28, 92.29, 276.87, 4386.41, NOW()),
(1171, 1014, '2025-10', 4663.28, 92.29, 369.16, 4294.12, NOW()),
(1172, 1014, '2025-11', 4663.28, 92.29, 461.45, 4201.83, NOW()),
(1173, 1014, '2025-12', 4663.28, 92.29, 553.74, 4109.54, NOW()),
(1174, 1014, '2026-01', 4663.28, 92.29, 646.03, 4017.25, NOW()),
(1175, 1014, '2026-02', 4663.28, 92.29, 738.32, 3924.96, NOW()),
(1176, 1014, '2026-03', 4663.28, 92.29, 830.61, 3832.67, NOW()),
(1177, 1014, '2026-04', 4663.28, 92.29, 922.9, 3740.38, NOW()),
(1178, 1014, '2026-05', 4663.28, 92.29, 1015.19, 3648.09, NOW()),
(1179, 1014, '2026-06', 4663.28, 92.29, 1107.48, 3555.8, NOW());
INSERT INTO depreciation_record (id, asset_id, depreciation_month, original_value, monthly_depreciation, accumulated_depreciation, net_value, created_at) VALUES
(1180, 1015, '2025-07', 7313.0, 72.37, 72.37, 7240.63, NOW()),
(1181, 1015, '2025-08', 7313.0, 72.37, 144.74, 7168.26, NOW()),
(1182, 1015, '2025-09', 7313.0, 72.37, 217.11, 7095.89, NOW()),
(1183, 1015, '2025-10', 7313.0, 72.37, 289.48, 7023.52, NOW()),
(1184, 1015, '2025-11', 7313.0, 72.37, 361.85, 6951.15, NOW()),
(1185, 1015, '2025-12', 7313.0, 72.37, 434.22, 6878.78, NOW()),
(1186, 1015, '2026-01', 7313.0, 72.37, 506.59, 6806.41, NOW()),
(1187, 1015, '2026-02', 7313.0, 72.37, 578.96, 6734.04, NOW()),
(1188, 1015, '2026-03', 7313.0, 72.37, 651.33, 6661.67, NOW()),
(1189, 1015, '2026-04', 7313.0, 72.37, 723.7, 6589.3, NOW()),
(1190, 1015, '2026-05', 7313.0, 72.37, 796.07, 6516.93, NOW()),
(1191, 1015, '2026-06', 7313.0, 72.37, 868.44, 6444.56, NOW()),
(1192, 1016, '2025-07', 11774.64, 186.43, 186.43, 11588.21, NOW()),
(1193, 1016, '2025-08', 11774.64, 186.43, 372.86, 11401.78, NOW()),
(1194, 1016, '2025-09', 11774.64, 186.43, 559.29, 11215.35, NOW()),
(1195, 1016, '2025-10', 11774.64, 186.43, 745.72, 11028.92, NOW()),
(1196, 1016, '2025-11', 11774.64, 186.43, 932.15, 10842.49, NOW()),
(1197, 1016, '2025-12', 11774.64, 186.43, 1118.58, 10656.06, NOW()),
(1198, 1016, '2026-01', 11774.64, 186.43, 1305.01, 10469.63, NOW()),
(1199, 1016, '2026-02', 11774.64, 186.43, 1491.44, 10283.2, NOW());
INSERT INTO depreciation_record (id, asset_id, depreciation_month, original_value, monthly_depreciation, accumulated_depreciation, net_value, created_at) VALUES
(1200, 1016, '2026-03', 11774.64, 186.43, 1677.87, 10096.77, NOW()),
(1201, 1016, '2026-04', 11774.64, 186.43, 1864.3, 9910.34, NOW()),
(1202, 1016, '2026-05', 11774.64, 186.43, 2050.73, 9723.91, NOW()),
(1203, 1016, '2026-06', 11774.64, 186.43, 2237.16, 9537.48, NOW()),
(1204, 1017, '2025-07', 40692.39, 644.3, 644.3, 40048.09, NOW()),
(1205, 1017, '2025-08', 40692.39, 644.3, 1288.6, 39403.79, NOW()),
(1206, 1017, '2025-09', 40692.39, 644.3, 1932.9, 38759.49, NOW()),
(1207, 1017, '2025-10', 40692.39, 644.3, 2577.2, 38115.19, NOW()),
(1208, 1017, '2025-11', 40692.39, 644.3, 3221.5, 37470.89, NOW()),
(1209, 1017, '2025-12', 40692.39, 644.3, 3865.8, 36826.59, NOW()),
(1210, 1017, '2026-01', 40692.39, 644.3, 4510.1, 36182.29, NOW()),
(1211, 1017, '2026-02', 40692.39, 644.3, 5154.4, 35537.99, NOW()),
(1212, 1017, '2026-03', 40692.39, 644.3, 5798.7, 34893.69, NOW()),
(1213, 1017, '2026-04', 40692.39, 644.3, 6443.0, 34249.39, NOW()),
(1214, 1017, '2026-05', 40692.39, 644.3, 7087.3, 33605.09, NOW()),
(1215, 1017, '2026-06', 40692.39, 644.3, 7731.6, 32960.79, NOW()),
(1216, 1018, '2025-07', 8586.31, 84.97, 84.97, 8501.34, NOW()),
(1217, 1018, '2025-08', 8586.31, 84.97, 169.94, 8416.37, NOW()),
(1218, 1018, '2025-09', 8586.31, 84.97, 254.91, 8331.4, NOW()),
(1219, 1018, '2025-10', 8586.31, 84.97, 339.88, 8246.43, NOW());
INSERT INTO depreciation_record (id, asset_id, depreciation_month, original_value, monthly_depreciation, accumulated_depreciation, net_value, created_at) VALUES
(1220, 1018, '2025-11', 8586.31, 84.97, 424.85, 8161.46, NOW()),
(1221, 1018, '2025-12', 8586.31, 84.97, 509.82, 8076.49, NOW()),
(1222, 1018, '2026-01', 8586.31, 84.97, 594.79, 7991.52, NOW()),
(1223, 1018, '2026-02', 8586.31, 84.97, 679.76, 7906.55, NOW()),
(1224, 1018, '2026-03', 8586.31, 84.97, 764.73, 7821.58, NOW()),
(1225, 1018, '2026-04', 8586.31, 84.97, 849.7, 7736.61, NOW()),
(1226, 1018, '2026-05', 8586.31, 84.97, 934.67, 7651.64, NOW()),
(1227, 1018, '2026-06', 8586.31, 84.97, 1019.64, 7566.67, NOW()),
(1228, 1019, '2025-07', 9920.73, 98.17, 98.17, 9822.56, NOW()),
(1229, 1019, '2025-08', 9920.73, 98.17, 196.34, 9724.39, NOW()),
(1230, 1019, '2025-09', 9920.73, 98.17, 294.51, 9626.22, NOW()),
(1231, 1019, '2025-10', 9920.73, 98.17, 392.68, 9528.05, NOW()),
(1232, 1019, '2025-11', 9920.73, 98.17, 490.85, 9429.88, NOW()),
(1233, 1019, '2025-12', 9920.73, 98.17, 589.02, 9331.71, NOW()),
(1234, 1019, '2026-01', 9920.73, 98.17, 687.19, 9233.54, NOW()),
(1235, 1019, '2026-02', 9920.73, 98.17, 785.36, 9135.37, NOW()),
(1236, 1019, '2026-03', 9920.73, 98.17, 883.53, 9037.2, NOW()),
(1237, 1019, '2026-04', 9920.73, 98.17, 981.7, 8939.03, NOW()),
(1238, 1019, '2026-05', 9920.73, 98.17, 1079.87, 8840.86, NOW()),
(1239, 1019, '2026-06', 9920.73, 98.17, 1178.04, 8742.69, NOW());
INSERT INTO depreciation_record (id, asset_id, depreciation_month, original_value, monthly_depreciation, accumulated_depreciation, net_value, created_at) VALUES
(1240, 1020, '2025-07', 16803.56, 266.06, 266.06, 16537.5, NOW()),
(1241, 1020, '2025-08', 16803.56, 266.06, 532.12, 16271.44, NOW()),
(1242, 1020, '2025-09', 16803.56, 266.06, 798.18, 16005.38, NOW()),
(1243, 1020, '2025-10', 16803.56, 266.06, 1064.24, 15739.32, NOW()),
(1244, 1020, '2025-11', 16803.56, 266.06, 1330.3, 15473.26, NOW()),
(1245, 1020, '2025-12', 16803.56, 266.06, 1596.36, 15207.2, NOW()),
(1246, 1020, '2026-01', 16803.56, 266.06, 1862.42, 14941.14, NOW()),
(1247, 1020, '2026-02', 16803.56, 266.06, 2128.48, 14675.08, NOW()),
(1248, 1020, '2026-03', 16803.56, 266.06, 2394.54, 14409.02, NOW()),
(1249, 1020, '2026-04', 16803.56, 266.06, 2660.6, 14142.96, NOW()),
(1250, 1020, '2026-05', 16803.56, 266.06, 2926.66, 13876.9, NOW()),
(1251, 1020, '2026-06', 16803.56, 266.06, 3192.72, 13610.84, NOW()),
(1252, 1021, '2025-07', 67430.68, 533.83, 533.83, 66896.85, NOW()),
(1253, 1021, '2025-08', 67430.68, 533.83, 1067.66, 66363.02, NOW()),
(1254, 1021, '2025-09', 67430.68, 533.83, 1601.49, 65829.19, NOW()),
(1255, 1021, '2025-10', 67430.68, 533.83, 2135.32, 65295.36, NOW()),
(1256, 1021, '2025-11', 67430.68, 533.83, 2669.15, 64761.53, NOW()),
(1257, 1021, '2025-12', 67430.68, 533.83, 3202.98, 64227.7, NOW()),
(1258, 1021, '2026-01', 67430.68, 533.83, 3736.81, 63693.87, NOW()),
(1259, 1021, '2026-02', 67430.68, 533.83, 4270.64, 63160.04, NOW());
INSERT INTO depreciation_record (id, asset_id, depreciation_month, original_value, monthly_depreciation, accumulated_depreciation, net_value, created_at) VALUES
(1260, 1021, '2026-03', 67430.68, 533.83, 4804.47, 62626.21, NOW()),
(1261, 1021, '2026-04', 67430.68, 533.83, 5338.3, 62092.38, NOW()),
(1262, 1021, '2026-05', 67430.68, 533.83, 5872.13, 61558.55, NOW()),
(1263, 1021, '2026-06', 67430.68, 533.83, 6405.96, 61024.72, NOW()),
(1264, 1022, '2025-07', 42489.72, 672.75, 672.75, 41816.97, NOW()),
(1265, 1022, '2025-08', 42489.72, 672.75, 1345.5, 41144.22, NOW()),
(1266, 1022, '2025-09', 42489.72, 672.75, 2018.25, 40471.47, NOW()),
(1267, 1022, '2025-10', 42489.72, 672.75, 2691.0, 39798.72, NOW()),
(1268, 1022, '2025-11', 42489.72, 672.75, 3363.75, 39125.97, NOW()),
(1269, 1022, '2025-12', 42489.72, 672.75, 4036.5, 38453.22, NOW()),
(1270, 1022, '2026-01', 42489.72, 672.75, 4709.25, 37780.47, NOW()),
(1271, 1022, '2026-02', 42489.72, 672.75, 5382.0, 37107.72, NOW()),
(1272, 1022, '2026-03', 42489.72, 672.75, 6054.75, 36434.97, NOW()),
(1273, 1022, '2026-04', 42489.72, 672.75, 6727.5, 35762.22, NOW()),
(1274, 1022, '2026-05', 42489.72, 672.75, 7400.25, 35089.47, NOW()),
(1275, 1022, '2026-06', 42489.72, 672.75, 8073.0, 34416.72, NOW()),
(1276, 1023, '2025-07', 6630.36, 131.23, 131.23, 6499.13, NOW()),
(1277, 1023, '2025-08', 6630.36, 131.23, 262.46, 6367.9, NOW()),
(1278, 1023, '2025-09', 6630.36, 131.23, 393.69, 6236.67, NOW()),
(1279, 1023, '2025-10', 6630.36, 131.23, 524.92, 6105.44, NOW());
INSERT INTO depreciation_record (id, asset_id, depreciation_month, original_value, monthly_depreciation, accumulated_depreciation, net_value, created_at) VALUES
(1280, 1023, '2025-11', 6630.36, 131.23, 656.15, 5974.21, NOW()),
(1281, 1023, '2025-12', 6630.36, 131.23, 787.38, 5842.98, NOW()),
(1282, 1023, '2026-01', 6630.36, 131.23, 918.61, 5711.75, NOW()),
(1283, 1023, '2026-02', 6630.36, 131.23, 1049.84, 5580.52, NOW()),
(1284, 1023, '2026-03', 6630.36, 131.23, 1181.07, 5449.29, NOW()),
(1285, 1023, '2026-04', 6630.36, 131.23, 1312.3, 5318.06, NOW()),
(1286, 1023, '2026-05', 6630.36, 131.23, 1443.53, 5186.83, NOW()),
(1287, 1023, '2026-06', 6630.36, 131.23, 1574.76, 5055.6, NOW()),
(1288, 1024, '2025-07', 355356.55, 2813.24, 2813.24, 352543.31, NOW()),
(1289, 1024, '2025-08', 355356.55, 2813.24, 5626.48, 349730.07, NOW()),
(1290, 1024, '2025-09', 355356.55, 2813.24, 8439.72, 346916.83, NOW()),
(1291, 1024, '2025-10', 355356.55, 2813.24, 11252.96, 344103.59, NOW()),
(1292, 1024, '2025-11', 355356.55, 2813.24, 14066.2, 341290.35, NOW()),
(1293, 1024, '2025-12', 355356.55, 2813.24, 16879.44, 338477.11, NOW()),
(1294, 1024, '2026-01', 355356.55, 2813.24, 19692.68, 335663.87, NOW()),
(1295, 1024, '2026-02', 355356.55, 2813.24, 22505.92, 332850.63, NOW()),
(1296, 1024, '2026-03', 355356.55, 2813.24, 25319.16, 330037.39, NOW()),
(1297, 1024, '2026-04', 355356.55, 2813.24, 28132.4, 327224.15, NOW()),
(1298, 1024, '2026-05', 355356.55, 2813.24, 30945.64, 324410.91, NOW()),
(1299, 1024, '2026-06', 355356.55, 2813.24, 33758.88, 321597.67, NOW());
INSERT INTO depreciation_record (id, asset_id, depreciation_month, original_value, monthly_depreciation, accumulated_depreciation, net_value, created_at) VALUES
(1300, 1025, '2025-07', 1163.37, 11.51, 11.51, 1151.86, NOW()),
(1301, 1025, '2025-08', 1163.37, 11.51, 23.02, 1140.35, NOW()),
(1302, 1025, '2025-09', 1163.37, 11.51, 34.53, 1128.84, NOW()),
(1303, 1025, '2025-10', 1163.37, 11.51, 46.04, 1117.33, NOW()),
(1304, 1025, '2025-11', 1163.37, 11.51, 57.55, 1105.82, NOW()),
(1305, 1025, '2025-12', 1163.37, 11.51, 69.06, 1094.31, NOW()),
(1306, 1025, '2026-01', 1163.37, 11.51, 80.57, 1082.8, NOW()),
(1307, 1025, '2026-02', 1163.37, 11.51, 92.08, 1071.29, NOW()),
(1308, 1025, '2026-03', 1163.37, 11.51, 103.59, 1059.78, NOW()),
(1309, 1025, '2026-04', 1163.37, 11.51, 115.1, 1048.27, NOW()),
(1310, 1025, '2026-05', 1163.37, 11.51, 126.61, 1036.76, NOW()),
(1311, 1025, '2026-06', 1163.37, 11.51, 138.12, 1025.25, NOW()),
(1312, 1026, '2025-07', 6766.21, 133.91, 133.91, 6632.3, NOW()),
(1313, 1026, '2025-08', 6766.21, 133.91, 267.82, 6498.39, NOW()),
(1314, 1026, '2025-09', 6766.21, 133.91, 401.73, 6364.48, NOW()),
(1315, 1026, '2025-10', 6766.21, 133.91, 535.64, 6230.57, NOW()),
(1316, 1026, '2025-11', 6766.21, 133.91, 669.55, 6096.66, NOW()),
(1317, 1026, '2025-12', 6766.21, 133.91, 803.46, 5962.75, NOW()),
(1318, 1026, '2026-01', 6766.21, 133.91, 937.37, 5828.84, NOW()),
(1319, 1026, '2026-02', 6766.21, 133.91, 1071.28, 5694.93, NOW());
INSERT INTO depreciation_record (id, asset_id, depreciation_month, original_value, monthly_depreciation, accumulated_depreciation, net_value, created_at) VALUES
(1320, 1026, '2026-03', 6766.21, 133.91, 1205.19, 5561.02, NOW()),
(1321, 1026, '2026-04', 6766.21, 133.91, 1339.1, 5427.11, NOW()),
(1322, 1026, '2026-05', 6766.21, 133.91, 1473.01, 5293.2, NOW()),
(1323, 1026, '2026-06', 6766.21, 133.91, 1606.92, 5159.29, NOW()),
(1324, 1027, '2025-07', 273170.82, 2162.6, 2162.6, 271008.22, NOW()),
(1325, 1027, '2025-08', 273170.82, 2162.6, 4325.2, 268845.62, NOW()),
(1326, 1027, '2025-09', 273170.82, 2162.6, 6487.8, 266683.02, NOW()),
(1327, 1027, '2025-10', 273170.82, 2162.6, 8650.4, 264520.42, NOW()),
(1328, 1027, '2025-11', 273170.82, 2162.6, 10813.0, 262357.82, NOW()),
(1329, 1027, '2025-12', 273170.82, 2162.6, 12975.6, 260195.22, NOW()),
(1330, 1027, '2026-01', 273170.82, 2162.6, 15138.2, 258032.62, NOW()),
(1331, 1027, '2026-02', 273170.82, 2162.6, 17300.8, 255870.02, NOW()),
(1332, 1027, '2026-03', 273170.82, 2162.6, 19463.4, 253707.42, NOW()),
(1333, 1027, '2026-04', 273170.82, 2162.6, 21626.0, 251544.82, NOW()),
(1334, 1027, '2026-05', 273170.82, 2162.6, 23788.6, 249382.22, NOW()),
(1335, 1027, '2026-06', 273170.82, 2162.6, 25951.2, 247219.62, NOW()),
(1336, 1028, '2025-07', 1063.15, 10.52, 10.52, 1052.63, NOW()),
(1337, 1028, '2025-08', 1063.15, 10.52, 21.04, 1042.11, NOW()),
(1338, 1028, '2025-09', 1063.15, 10.52, 31.56, 1031.59, NOW()),
(1339, 1028, '2025-10', 1063.15, 10.52, 42.08, 1021.07, NOW());
INSERT INTO depreciation_record (id, asset_id, depreciation_month, original_value, monthly_depreciation, accumulated_depreciation, net_value, created_at) VALUES
(1340, 1028, '2025-11', 1063.15, 10.52, 52.6, 1010.55, NOW()),
(1341, 1028, '2025-12', 1063.15, 10.52, 63.12, 1000.03, NOW()),
(1342, 1028, '2026-01', 1063.15, 10.52, 73.64, 989.51, NOW()),
(1343, 1028, '2026-02', 1063.15, 10.52, 84.16, 978.99, NOW()),
(1344, 1028, '2026-03', 1063.15, 10.52, 94.68, 968.47, NOW()),
(1345, 1028, '2026-04', 1063.15, 10.52, 105.2, 957.95, NOW()),
(1346, 1028, '2026-05', 1063.15, 10.52, 115.72, 947.43, NOW()),
(1347, 1028, '2026-06', 1063.15, 10.52, 126.24, 936.91, NOW()),
(1348, 1029, '2025-07', 120242.69, 951.92, 951.92, 119290.77, NOW()),
(1349, 1029, '2025-08', 120242.69, 951.92, 1903.84, 118338.85, NOW()),
(1350, 1029, '2025-09', 120242.69, 951.92, 2855.76, 117386.93, NOW()),
(1351, 1029, '2025-10', 120242.69, 951.92, 3807.68, 116435.01, NOW()),
(1352, 1029, '2025-11', 120242.69, 951.92, 4759.6, 115483.09, NOW()),
(1353, 1029, '2025-12', 120242.69, 951.92, 5711.52, 114531.17, NOW()),
(1354, 1029, '2026-01', 120242.69, 951.92, 6663.44, 113579.25, NOW()),
(1355, 1029, '2026-02', 120242.69, 951.92, 7615.36, 112627.33, NOW()),
(1356, 1029, '2026-03', 120242.69, 951.92, 8567.28, 111675.41, NOW()),
(1357, 1029, '2026-04', 120242.69, 951.92, 9519.2, 110723.49, NOW()),
(1358, 1029, '2026-05', 120242.69, 951.92, 10471.12, 109771.57, NOW()),
(1359, 1029, '2026-06', 120242.69, 951.92, 11423.04, 108819.65, NOW());

SET FOREIGN_KEY_CHECKS = 1;

-- Phase 13 演示数据完成: 资产120 入库30 领用20 调拨12 维修12 报废10 审批20 盘点任务4 明细105 财务6 折旧360